split,subset,model,n,MAE,RMSE
valid,all,lag_7d,15361,195.9,553.1
valid,all,LGBM_A,15361,123.0,358.7
valid,all,LGBM_B,15361,114.5,315.9
valid,all,LGBM_C,15361,114.4,309.9
valid,event_day,lag_7d,4372,267.6,683.6
valid,event_day,LGBM_A,4372,206.3,570.8
valid,event_day,LGBM_B,4372,186.3,478.6
valid,event_day,LGBM_C,4372,186.4,466.5
valid,non_event_day,lag_7d,10989,167.4,491.7
valid,non_event_day,LGBM_A,10989,89.8,224.2
valid,non_event_day,LGBM_B,10989,85.9,220.0
valid,non_event_day,LGBM_C,10989,85.7,218.4
valid,end_hour(+1),lag_7d,359,1268.4,1738.1
valid,end_hour(+1),LGBM_A,359,1209.0,1667.6
valid,end_hour(+1),LGBM_B,359,977.6,1278.7
valid,end_hour(+1),LGBM_C,359,935.8,1220.6
test,all,lag_7d,5106,202.8,561.8
test,all,LGBM_A,5106,123.1,351.3
test,all,LGBM_B,5106,111.9,304.8
test,all,LGBM_C,5106,111.3,297.2
test,event_day,lag_7d,1512,327.2,770.6
test,event_day,LGBM_A,1512,223.1,591.8
test,event_day,LGBM_B,1512,194.9,501.4
test,event_day,LGBM_C,1512,193.0,486.8
test,non_event_day,lag_7d,3594,150.4,445.7
test,non_event_day,LGBM_A,3594,81.1,167.3
test,non_event_day,LGBM_B,3594,77.0,162.0
test,non_event_day,LGBM_C,3594,76.9,160.7
test,end_hour(+1),lag_7d,117,1367.6,1778.4
test,end_hour(+1),LGBM_A,117,1362.8,1785.2
test,end_hour(+1),LGBM_B,117,1012.7,1396.4
test,end_hour(+1),LGBM_C,117,982.5,1335.6
