date,split,end_h,imputed,n_sess,concert,sport,act_peak,act_peak_h,pred_peak,pred_peak_h,act_sum,pred_sum,lag7_sum,price,err_pct,peak_shift
2024-01-06,valid,21.5,False,1,True,False,2766,22,2022,22,5094,5496,3519,2550.0,7.8916372202591285,0
2024-01-07,valid,17.0,False,1,True,False,2550,18,1621,17,6270,5375,5187,2550.0,-14.274322169059012,-1
2024-01-27,valid,22.5,False,1,True,False,1931,23,1774,23,4263,4242,5384,,-0.49261083743842365,0
2024-02-03,valid,22.0,False,1,True,False,3691,22,2118,23,5466,4922,4263,2200.0,-9.95243322356385,1
2024-02-12,valid,18.0,False,2,False,True,837,18,938,18,2621,3410,12326,2200.0,30.103014116749332,0
2024-02-13,valid,18.0,False,2,False,True,1053,18,985,19,2961,3441,11050,2200.0,16.210739614994935,1
2024-02-14,valid,18.0,False,2,False,True,977,18,971,18,3370,3454,8961,2200.0,2.492581602373887,0
2024-02-17,valid,22.5,False,1,False,False,3175,23,2956,23,6251,6070,605,2800.0,-2.8955367141257398,0
2024-02-28,valid,22.0,False,1,False,True,1163,21,1064,22,2176,2626,2735,,20.68014705882353,1
2024-02-29,valid,22.0,False,1,False,True,1670,21,1695,21,3362,3744,2813,,11.362284354550862,0
2024-03-09,valid,22.5,False,1,True,False,3443,22,2720,23,5612,5618,2460,3300.0,0.10691375623663578,1
2024-03-10,valid,21.0,False,1,True,False,3651,21,1911,21,5490,4378,2758,3300.0,-20.255009107468123,0
2024-03-12,valid,21.5,False,1,False,False,2963,21,1922,21,6169,5772,4897,2650.0,-6.435402820554385,0
2024-03-22,valid,22.0,False,2,False,True,1681,21,1901,21,3740,4827,3253,,29.06417112299465,0
2024-03-23,valid,22.0,False,2,False,True,2085,22,1778,22,3826,4319,2587,,12.885520125457397,0
2024-03-24,valid,23.0,False,2,False,True,2283,22,1533,23,4073,2834,1697,,-30.419837957279647,1
2024-03-27,valid,23.0,True,1,True,False,2252,22,2078,23,2637,3622,1287,3480.0,37.353052711414485,1
2024-03-30,valid,22.0,False,1,False,True,1455,22,1369,22,3180,3549,3826,,11.60377358490566,0
2024-04-06,valid,22.0,False,1,True,False,4601,22,2641,22,6943,4997,3180,3800.0,-28.028229871813338,0
2024-04-07,valid,20.0,False,1,True,False,3989,20,1870,20,7868,5031,2221,3800.0,-36.0574478901881,0
2024-04-13,valid,22.5,False,1,True,False,2639,23,2561,23,5085,5800,6943,3000.0,14.060963618485742,0
2024-04-20,valid,20.5,False,1,False,False,2370,21,1308,20,5826,4742,4367,,-18.606247854445588,-1
2024-04-27,valid,22.5,False,1,True,False,3983,23,2972,23,6505,5734,3797,2600.0,-11.852421214450423,0
2024-05-05,valid,22.0,False,1,True,False,3645,22,1393,22,5364,3262,1202,,-39.18717375093214,0
2024-05-18,valid,22.5,False,1,True,False,2985,22,2918,23,4912,5724,1429,2836.0,16.530944625407166,1
2024-05-25,valid,22.0,False,1,False,False,2807,23,1912,22,5619,3984,4912,,-29.097704217832355,-1
2024-05-31,valid,22.5,False,1,True,False,3534,22,2659,23,6402,6353,3185,3800.0,-0.7653858169322086,1
2024-06-01,valid,22.0,False,1,True,False,3696,22,2347,22,5451,5050,5619,3800.0,-7.356448358099431,0
2024-06-02,valid,22.0,False,1,True,False,3779,22,1805,22,4998,3620,1220,3800.0,-27.571028411364544,0
2024-06-14,valid,22.5,False,1,True,False,3199,22,2393,23,5819,6080,3022,3800.0,4.485306753737755,1
2024-06-15,valid,22.0,False,1,True,False,3268,22,2069,22,4612,4602,1631,3800.0,-0.2168256721595837,0
2024-06-16,valid,22.0,False,1,True,False,3257,22,1785,22,4315,3512,1356,3800.0,-18.609501738122827,0
2024-06-21,valid,21.5,False,1,True,False,3715,22,1988,22,7303,6870,7351,2600.0,-5.929070245104752,0
2024-06-22,valid,21.5,False,1,True,False,3270,22,1478,22,6048,4881,5336,2600.0,-19.29563492063492,0
2024-06-29,valid,23.5,False,1,False,False,1869,23,1768,23,3139,3490,4263,,11.181905065307422,0
2024-07-06,valid,22.0,False,1,False,True,1216,21,1528,22,2674,3445,4338,,28.833208676140615,1
2024-07-13,valid,22.5,False,1,True,False,3216,22,2841,23,4779,5470,2674,3400.0,14.459091860221804,1
2024-07-20,valid,22.0,False,1,True,False,5663,21,2251,22,7458,4632,4779,3800.0,-37.892196299275945,1
2024-07-27,valid,22.5,False,1,True,False,2960,22,2713,23,5683,6167,7458,2500.0,8.516628541263417,1
2024-07-28,valid,21.0,False,1,True,False,4267,21,1095,21,5972,3168,1710,2500.0,-46.95244474212994,0
2024-08-03,valid,22.5,False,1,True,False,3153,23,2752,23,5368,6115,5683,2880.0,13.915797317436661,0
2024-08-10,valid,20.0,True,1,True,False,4318,20,1908,20,8459,5749,4087,4500.0,-32.03688379241045,0
2024-08-16,valid,22.5,True,1,False,False,3762,23,2406,23,7483,6163,2986,5680.0,-17.63998396365094,0
2024-08-17,valid,22.0,True,1,False,False,5153,22,2249,22,6923,4286,2499,5680.0,-38.09042322692474,0
2024-08-24,valid,22.0,False,1,False,False,3656,23,1691,22,5946,3478,6923,2800.0,-41.50689539186008,-1
2024-08-25,valid,22.0,False,1,False,False,4127,22,1162,21,5527,2819,6526,2800.0,-48.99583861045775,-1
2024-09-03,valid,22.0,False,1,False,True,1393,21,1623,21,2648,3598,2529,400.0,35.87613293051359,0
2024-09-04,valid,22.0,False,1,False,True,1752,21,1683,21,3011,3688,2746,400.0,22.484224510129525,0
2024-09-05,valid,20.0,False,1,False,True,3065,19,3328,19,8118,8115,6680,400.0,-0.03695491500369549,0
2024-09-06,valid,20.0,False,1,False,True,3649,19,3143,19,9115,8528,6684,400.0,-6.43993417443774,0
2024-09-07,valid,20.0,False,1,False,True,2338,20,1436,20,6161,5234,3103,400.0,-15.046258724233079,0
2024-09-08,valid,18.0,False,1,False,True,2535,18,1524,17,6597,5570,3068,400.0,-15.567682279824162,-1
2024-09-21,valid,22.5,False,1,True,False,3409,23,2834,23,6349,5542,1770,2300.0,-12.710663096550638,0
2024-09-28,valid,21.5,False,1,True,False,1837,23,2058,22,5537,6295,7719,3800.0,13.689723677081451,-1
2024-10-04,valid,22.0,False,1,True,False,4014,22,2366,22,8276,5533,3422,4980.0,-33.144030932817785,0
2024-10-05,valid,22.0,False,1,True,False,4631,22,2516,22,7281,5505,4762,4980.0,-24.39225381128966,0
2024-10-06,valid,20.0,False,1,True,False,4480,20,1875,20,7672,4755,2614,4980.0,-38.02137643378519,0
2024-10-12,valid,22.0,False,1,True,False,3413,23,2764,22,5512,5554,7281,3480.0,0.7619738751814223,-1
2024-10-13,valid,20.5,False,1,True,False,3140,22,1511,20,6003,4336,7672,3480.0,-27.769448609028817,-2
2024-10-19,valid,22.5,False,1,True,False,3476,23,2463,23,6623,5695,5512,3050.0,-14.01177714026876,0
2024-11-01,valid,22.5,False,1,True,False,2718,22,2695,23,6554,6645,3445,3880.0,1.3884650595056454,1
2024-11-02,valid,22.0,False,3,True,False,3926,22,2174,22,5342,4416,1959,3880.0,-17.334331710969675,0
2024-11-03,valid,22.0,False,1,True,False,3406,22,1357,22,4917,3059,1259,3880.0,-37.78726865975188,0
2024-11-09,valid,22.5,False,1,True,False,3454,23,2724,23,5685,5834,5342,3000.0,2.6209322779243625,0
2024-11-10,valid,22.5,False,1,True,False,3188,23,2502,23,4705,5121,4917,3000.0,8.841657810839532,0
2024-11-16,valid,22.0,False,1,True,False,3400,21,2292,22,6722,5551,5685,2800.0,-17.420410592085688,1
2024-11-17,valid,20.0,False,1,True,False,2848,19,1510,20,7450,4588,2913,2800.0,-38.41610738255034,1
2024-11-23,valid,22.5,False,1,True,False,2955,23,2850,23,5727,6031,6722,2800.0,5.308189278854549,0
2024-11-30,valid,22.0,True,1,True,False,3425,22,2313,22,6885,4733,5727,4500.0,-31.256354393609296,0
2024-12-07,valid,22.5,False,1,True,False,4079,22,2803,23,6568,6297,6885,2400.0,-4.126065773447015,1
2024-12-14,valid,22.5,False,1,True,False,3876,23,2620,23,6190,5958,6568,2800.0,-3.7479806138933762,0
2024-12-15,valid,20.0,False,1,True,False,3434,21,1560,21,7838,5072,2755,2800.0,-35.289614697626945,0
2024-12-21,valid,22.666666666666668,False,1,False,True,1068,21,2410,23,2502,5895,6190,2500.0,135.6115107913669,2
2024-12-27,valid,22.0,False,1,True,False,3333,23,2628,22,6980,5870,3618,3800.0,-15.902578796561604,-1
2024-12-28,valid,22.0,False,1,True,False,3260,23,2211,22,6184,5068,2502,3800.0,-18.046571798188875,-1
2024-12-29,valid,21.0,False,1,True,False,2922,22,1565,21,6058,3968,2245,3800.0,-34.49983492901948,-1
2025-01-05,valid,22.0,False,1,True,False,2289,22,1168,22,4456,2954,5247,,-33.707360861759426,0
2025-01-10,valid,22.5,False,1,False,False,2781,22,2489,23,7482,6260,3466,3000.0,-16.332531408714246,1
2025-01-11,valid,17.5,False,1,False,False,4472,18,1951,17,9513,5663,4524,3000.0,-40.47093451066961,-1
2025-01-12,valid,20.5,False,1,False,True,3006,21,1232,20,6665,4020,5254,,-39.68492123030758,-1
2025-01-17,valid,22.0,False,1,True,False,3502,23,2378,22,7490,5985,7482,2720.0,-20.093457943925234,-1
2025-01-18,valid,22.0,False,1,True,False,3680,23,1626,22,5954,3828,6253,2720.0,-35.70708767215317,-1
2025-01-19,valid,17.5,False,1,True,False,4156,19,1592,18,7158,5168,3614,2720.0,-27.801061749091925,-1
2025-01-23,valid,21.166666666666668,False,1,False,True,2364,21,1855,21,5507,5994,4729,1900.0,8.84329035772653,0
2025-02-08,valid,22.0,True,1,True,False,6131,21,1797,22,8093,4010,1121,4080.0,-50.45100704312369,1
2025-02-14,valid,22.0,False,1,True,False,2867,23,2084,22,6960,4898,3076,4050.0,-29.626436781609197,-1
2025-02-15,valid,22.0,False,1,True,False,3564,23,2131,22,6079,5031,8093,4050.0,-17.239677578549102,-1
2025-02-16,valid,22.0,False,1,True,False,2266,22,1113,22,5441,2614,7440,4050.0,-51.95736077926852,0
2025-02-22,valid,22.5,False,1,True,False,4442,23,3359,23,6565,6445,6079,3380.0,-1.827875095201828,0
2025-02-28,valid,22.0,False,1,False,True,972,22,1041,22,2188,2597,3380,700.0,18.69287020109689,0
2025-03-02,valid,16.5,False,1,False,False,3451,17,1579,17,6511,5351,4341,,-17.816003686069728,0
2025-03-08,valid,21.0,False,2,False,True,2579,21,1560,21,5482,4536,2456,,-17.256475738781468,0
2025-03-09,valid,22.0,False,2,False,True,3249,21,1300,21,5179,3087,1129,,-40.3938984359915,0
2025-03-15,valid,20.0,True,1,True,False,4533,19,2069,20,9520,5928,6396,4380.0,-37.73109243697479,1
2025-03-22,valid,22.0,False,1,True,False,3463,23,1936,22,6028,4557,2582,3280.0,-24.40278699402787,-1
2025-03-25,valid,12.0,False,1,False,True,1026,14,1262,12,3432,3902,2890,,13.694638694638694,-2
2025-03-28,valid,22.0,False,2,False,True,1732,21,2049,21,3875,5038,3417,,30.01290322580645,0
2025-03-29,valid,22.0,False,2,False,True,1783,22,1643,22,3544,3604,6028,,1.693002257336343,0
2025-03-30,valid,23.0,False,2,False,True,1916,23,1415,23,3804,2313,591,,-39.19558359621451,0
2025-04-04,valid,22.5,False,1,True,False,3034,22,2576,23,4610,5225,3875,3800.0,13.34056399132321,1
2025-04-05,valid,22.0,False,1,True,False,4090,22,2670,22,5246,5367,3544,3800.0,2.306519252764011,0
2025-04-06,valid,22.0,False,1,True,False,3645,22,2162,22,4741,4354,4709,3800.0,-8.162834844969415,0
2025-04-11,valid,22.5,False,1,True,False,3500,22,2585,22,6741,6956,4610,3800.0,3.189437768877021,0
2025-04-12,valid,22.0,False,1,True,False,5007,22,2198,22,6738,4810,5246,3800.0,-28.613831997625407,0
2025-04-13,valid,22.0,False,1,True,False,3578,22,2260,22,4567,4292,4741,3800.0,-6.021458287716225,0
2025-04-18,valid,22.5,False,1,True,False,3430,22,2865,23,6431,7203,6741,3800.0,12.004353910744829,1
2025-04-19,valid,22.0,False,1,True,False,3864,22,2402,22,5496,4717,6738,3800.0,-14.173944687045124,0
2025-04-20,valid,22.0,False,1,True,False,3446,22,2116,22,4534,3935,4567,3800.0,-13.211292456991618,0
2025-04-26,valid,22.0,False,1,True,False,3934,22,1967,22,5853,4262,5496,,-27.18264138048864,0
2025-04-27,valid,22.0,False,1,True,False,2963,21,1698,22,4040,3601,4534,,-10.866336633663366,1
2025-05-06,valid,22.0,False,1,False,True,1631,21,1641,21,2937,3746,2574,400.0,27.545114061967993,0
2025-05-07,valid,22.0,False,1,False,True,1624,21,1765,21,3146,4265,3099,400.0,35.568976478067384,0
2025-05-08,valid,20.0,False,1,False,True,3353,19,3387,19,7858,8271,2959,400.0,5.255790277424281,0
2025-05-09,valid,20.0,False,1,False,True,2997,19,3154,19,8575,9005,6609,400.0,5.014577259475218,0
2025-05-10,valid,20.0,False,1,False,True,2308,19,1295,19,5380,4979,3271,400.0,-7.4535315985130115,0
2025-05-11,valid,18.0,False,1,False,True,2501,18,1403,17,6174,4920,4423,400.0,-20.31098153547133,-1
2025-05-31,valid,21.0,False,2,False,False,1301,21,1311,21,2717,3878,2819,1800.0,42.73095325726905,0
2025-06-01,valid,18.0,False,2,False,False,1349,18,1541,18,4012,5191,3550,1800.0,29.386839481555334,0
2025-06-13,valid,22.166666666666668,False,1,True,False,3127,22,2087,22,6982,5070,3208,3000.0,-27.384703523345745,0
2025-06-14,valid,22.166666666666668,False,1,True,False,2977,23,2068,22,5641,4809,6064,3000.0,-14.749157950717958,-1
2025-06-15,valid,21.666666666666668,False,1,True,False,3637,22,1564,22,5701,3938,2233,3000.0,-30.924399228205576,0
2025-06-21,valid,21.0,True,1,False,False,3028,22,1806,21,6292,5335,6803,,-15.20979020979021,-1
2025-06-28,valid,23.5,False,1,False,False,1604,23,2250,23,2747,4291,4274,,56.20677102293411,0
2025-07-05,valid,21.5,False,1,False,True,1350,20,1813,21,4271,5085,4770,,19.058768438304845,1
2025-07-11,valid,22.5,True,1,True,False,4071,22,2665,23,7544,6411,3278,6680.0,-15.018557794273596,1
2025-07-12,valid,21.0,True,1,True,False,3736,21,1948,21,7388,5111,4271,6680.0,-30.820249052517596,0
2025-07-13,valid,21.0,True,1,True,False,4077,21,1506,21,6524,3349,1681,6680.0,-48.66646229307174,0
2025-07-18,valid,22.5,False,1,True,False,3998,22,2579,23,6088,6450,7544,2500.0,5.946123521681997,1
2025-07-19,valid,22.5,False,1,True,False,3764,22,2807,23,5368,6261,5077,2500.0,16.635618479880776,1
2025-07-20,valid,19.5,False,1,True,False,3527,19,1450,19,6605,4718,7884,2500.0,-28.569265707797122,0
2025-07-22,valid,22.5,False,1,True,False,3411,22,2115,23,5425,5254,2643,2500.0,-3.152073732718894,1
2025-07-25,valid,22.5,False,1,True,False,3822,22,3038,22,7200,7464,6088,2500.0,3.6666666666666665,0
2025-07-26,valid,22.5,False,1,True,False,3479,22,2840,23,5248,6051,5368,2500.0,15.301067073170731,1
2025-07-27,valid,19.5,False,1,True,False,2463,19,1717,19,6777,5560,6605,2500.0,-17.957798435886087,0
2025-08-01,valid,21.5,False,1,True,False,5111,22,3205,22,9200,8274,8608,4880.0,-10.065217391304348,0
2025-08-02,valid,20.5,False,1,True,False,5288,21,1626,20,8532,5726,6370,4880.0,-32.887951242381625,-1
2025-08-12,valid,22.0,False,1,True,False,4059,22,1711,22,6678,4314,2648,3880.0,-35.39982030548068,0
2025-08-13,valid,22.0,False,1,True,False,4229,22,1986,22,6267,4375,2929,3880.0,-30.18988351683421,0
2025-08-15,valid,22.0,False,1,True,False,4272,22,3526,22,6719,6647,2614,3880.0,-1.071588033933621,0
2025-08-16,valid,22.0,False,1,True,False,3229,22,2003,22,5771,4486,1682,3880.0,-22.266504938485532,0
2025-08-17,valid,20.5,False,1,True,False,4028,21,1518,21,6530,4410,2402,3880.0,-32.46554364471669,0
2025-08-19,valid,22.0,False,1,True,False,4037,22,2497,22,6423,5259,6678,3880.0,-18.122372723026622,0
2025-08-20,valid,22.0,False,1,True,False,4187,22,2710,22,6906,5593,6267,3880.0,-19.012452939472922,0
2025-08-22,valid,22.0,False,1,True,False,4363,22,3697,22,7244,6774,6719,3880.0,-6.488128106018774,0
2025-08-23,valid,22.0,False,1,True,False,3820,22,2508,22,5869,4778,5771,3880.0,-18.589197478275686,0
2025-08-24,valid,20.5,False,1,True,False,4265,21,1777,21,6723,4694,6530,3880.0,-30.179979175963112,0
2025-08-26,valid,22.0,False,1,True,False,3945,22,3193,22,6432,6044,6423,3880.0,-6.032338308457711,0
2025-08-27,valid,22.0,False,1,True,False,4513,22,3344,22,7298,6199,6906,3880.0,-15.058920252123869,0
2025-08-29,valid,22.0,False,1,True,False,4356,22,4161,22,7443,7303,7244,3880.0,-1.880961977697165,0
2025-08-30,valid,22.0,False,1,True,False,3700,22,2154,22,5870,4772,5869,3880.0,-18.70528109028961,0
2025-09-01,valid,22.0,False,1,True,False,3528,22,1712,22,5809,3899,2422,3880.0,-32.880013771733516,0
2025-09-05,valid,22.0,False,1,False,False,2513,22,3578,22,4838,6849,7443,2880.0,41.56676312525837,0
2025-09-06,valid,21.5,False,1,False,False,4195,22,1811,22,6381,5807,6770,5180.0,-8.995455257796584,0
2025-09-07,valid,20.5,False,1,False,False,1472,21,1557,20,3357,4281,2542,3080.0,27.524575513851655,-1
2025-09-13,valid,21.5,False,2,False,False,1612,22,1526,22,4308,4177,6381,3080.0,-3.040854224698236,0
2025-09-14,valid,18.5,False,2,False,False,1429,18,1533,18,4852,4919,3401,3080.0,1.380873866446826,0
2025-09-20,valid,22.0,False,1,True,False,3499,23,2042,22,6150,4575,3380,3080.0,-25.609756097560975,-1
2025-09-21,valid,20.5,False,1,True,False,4168,21,1429,21,6474,4270,3530,3080.0,-34.04386777880754,0
2025-09-26,valid,22.0,False,1,True,False,5257,22,2215,22,8083,5267,3348,2880.0,-34.838550043300756,0
2025-09-27,valid,22.0,False,1,True,False,5498,22,1960,23,7126,5038,6150,2880.0,-29.301150715689026,1
2025-09-28,valid,22.0,False,1,True,False,4198,22,1376,22,6139,3239,5199,2880.0,-47.23896400065157,0
2025-10-04,valid,22.166666666666668,False,1,True,False,3581,22,2510,22,5398,5422,7126,3080.0,0.444609114486847,0
2025-10-11,valid,20.0,True,1,True,False,5170,19,1860,20,8504,5470,5830,3280.0,-35.677328316086545,1
2025-10-21,valid,21.666666666666668,False,1,False,False,4855,22,2139,21,8747,6080,5649,3080.0,-30.49045386989825,-1
2025-10-22,valid,21.666666666666668,False,1,False,False,4851,22,2199,21,8966,6239,4304,3080.0,-30.41490073611421,-1
2025-10-23,valid,21.666666666666668,False,1,False,False,4337,22,2086,21,9088,6153,3968,3080.0,-32.295334507042256,-1
2025-10-25,valid,18.0,False,1,False,True,1542,17,1673,17,4583,5626,4745,,22.75801876500109,0
2025-10-26,valid,17.0,False,1,False,True,1229,17,1475,17,3977,4800,3758,,20.69399044505909,0
2025-11-01,valid,22.5,False,1,True,False,5099,23,2803,23,7246,5395,1853,2350.0,-25.545128346674026,0
2025-11-02,valid,21.0,False,1,True,False,3101,21,1464,22,6566,4095,1752,2350.0,-37.63326226012793,1
2025-11-05,valid,21.25,False,1,True,False,2472,21,2107,22,6538,6713,4340,3080.0,2.6766595289079227,1
2025-11-08,valid,22.0,False,1,False,True,1471,21,1455,22,2797,3875,7246,,38.54129424383268,1
2025-11-15,valid,22.0,False,1,True,False,4303,22,1967,22,5967,4278,2797,2480.0,-28.305681246857716,0
2025-11-16,valid,20.0,False,1,True,False,3650,20,1698,21,6451,4393,2350,2480.0,-31.902030692915826,1
2025-11-22,valid,22.0,False,1,True,False,2473,22,2382,22,5141,5455,5967,2980.0,6.107761135965766,0
2025-11-26,valid,21.0,False,1,True,False,3964,22,1925,21,10096,6090,4421,3000.0,-39.67908082408875,-1
2025-11-29,valid,22.0,False,2,False,False,2413,22,2185,22,4870,4156,5141,3000.0,-14.661190965092402,0
2025-12-06,valid,22.0,False,1,True,False,3603,23,2177,22,8044,5389,4870,4889.0,-33.00596718050721,-1
2025-12-13,valid,22.0,False,1,True,False,2311,22,2510,23,5520,5609,8044,3180.0,1.6123188405797102,1
2025-12-14,valid,20.5,False,1,True,False,2527,21,1631,21,5733,4875,2592,3180.0,-14.965986394557824,0
2025-12-20,valid,22.5,False,1,True,False,3621,23,2646,23,6224,5334,5520,2600.0,-14.29948586118252,0
2025-12-26,valid,22.5,False,1,True,False,3680,23,2563,23,7163,6672,3427,3580.0,-6.8546698310763645,0
2026-01-02,test,22.5,True,1,False,False,4193,22,2771,23,7695,6859,7163,4500.0,-10.864197530864198,1
2026-01-03,test,21.0,True,1,False,False,4607,20,1996,21,7736,5349,6907,4500.0,-30.855739400206826,1
2026-01-10,test,22.5,False,1,True,False,3251,23,2762,23,5709,5985,3129,2500.0,4.834471886495008,0
2026-01-11,test,21.0,False,1,True,False,2327,21,1686,21,5496,3866,1652,2500.0,-29.65793304221252,0
2026-01-17,test,22.0,False,1,True,False,3202,21,2359,22,5497,5341,5709,4300.0,-2.8379115881389847,1
2026-01-23,test,22.0,False,1,True,False,3768,23,2387,22,7715,6234,3189,3680.0,-19.196370706416072,-1
2026-01-24,test,22.0,False,1,True,False,3599,23,2288,22,6043,5236,5497,3680.0,-13.35429422472282,-1
2026-01-31,test,22.0,False,1,True,False,3442,22,1566,22,6567,3490,6043,,-46.85548956905741,0
2026-02-07,test,22.0,False,1,True,False,2086,23,2320,22,5136,5510,6567,3080.0,7.281931464174455,-1
2026-02-08,test,19.5,False,1,True,False,2599,20,1423,20,5166,4990,3101,3080.0,-3.4068912117692607,0
2026-02-12,test,21.166666666666668,False,2,False,True,1956,21,1912,21,4854,5425,4662,1600.0,11.763494025545942,0
2026-02-13,test,21.166666666666668,False,3,False,True,1514,21,1980,22,3892,6435,5127,1600.0,65.33915724563207,1
2026-02-20,test,21.0,False,1,True,False,3063,22,1354,22,5425,3811,3892,3880.0,-29.75115207373272,0
2026-02-21,test,21.0,False,1,True,False,2311,21,1880,21,5443,4872,2686,3880.0,-10.490538306081206,0
2026-02-22,test,21.0,False,1,True,False,2579,22,1559,21,5616,3952,1276,3880.0,-29.62962962962963,-1
2026-02-24,test,22.0,False,1,True,False,3019,22,1942,22,6481,4920,617,3880.0,-24.08578923005709,0
2026-02-25,test,22.0,False,1,True,False,2499,23,1806,22,6463,4703,606,3880.0,-27.231935633606685,-1
2026-03-04,test,23.0,True,1,False,False,3889,22,2784,23,4869,4588,4856,4400.0,-5.7712055863627025,1
2026-03-07,test,16.5,False,1,False,False,2430,17,1657,17,7239,5684,4488,,-21.480867523138556,0
2026-03-08,test,17.0,False,2,False,False,2975,17,1444,17,7647,4632,3961,,-39.427226363279715,0
2026-03-12,test,17.0,False,1,False,True,4753,18,4849,18,11876,12349,12119,,3.9828224991579657,0
2026-03-13,test,17.0,False,1,False,True,4747,18,4297,18,11125,11142,11754,,0.15280898876404495,0
2026-03-21,test,21.0,False,2,False,True,2475,20,1431,21,5909,3926,3008,,-33.55897783042816,1
2026-03-22,test,22.0,False,2,False,True,2520,22,1007,22,5592,2536,1364,,-54.64949928469242,0
2026-03-28,test,21.5,False,1,False,True,1533,22,1511,21,4279,4777,5909,,11.638233232063566,-1
2026-04-04,test,20.0,True,1,True,False,5955,19,1701,20,9129,5382,4962,3280.0,-41.045021360499504,1
2026-04-11,test,21.0,False,1,False,True,3574,21,1762,21,7909,5040,3423,2612.0,-36.2751295991908,0
2026-04-12,test,21.0,False,1,False,True,3285,21,1286,22,5982,3470,2876,2612.0,-41.99264460046807,1
2026-04-17,test,22.0,False,2,False,True,1709,21,1895,21,4059,4874,3824,,20.078837152007885,0
2026-04-18,test,22.0,False,2,False,True,1401,22,1705,22,3226,4251,5323,,31.773093614383136,0
2026-04-19,test,22.5,False,2,False,True,1434,23,1867,23,3666,4613,5003,,25.831969448990726,0
2026-04-25,test,22.0,False,1,True,False,3500,22,2150,22,5799,4580,3226,3180.0,-21.020865666494224,0
2026-04-26,test,22.0,False,1,True,False,2787,23,1665,22,5548,4156,3666,2880.0,-25.0901225666907,-1
2026-05-09,test,21.0,True,1,False,False,5821,21,2143,21,8375,5255,2376,4490.0,-37.25373134328358,0
2026-05-10,test,19.0,True,1,False,False,5385,19,1810,19,8436,5693,3512,4490.0,-32.5154101469891,0
2026-05-15,test,22.5,False,1,True,False,3708,23,2663,23,6902,5931,3215,3000.0,-14.068385975079687,0
2026-05-16,test,22.5,False,1,True,False,2918,23,2618,23,5227,5156,7520,3000.0,-1.3583317390472547,0
2026-05-17,test,21.0,False,1,True,False,2722,21,1627,21,5939,3930,2839,3000.0,-33.827243643711064,0
2026-05-23,test,21.0,True,1,False,False,2849,23,1580,21,6403,4425,6015,,-30.89176948305482,-2
2026-05-30,test,22.5,False,1,True,False,2747,23,2704,23,6377,5682,5579,,-10.898541633997178,0
2026-05-31,test,19.5,False,1,True,False,3676,20,1340,19,7224,4474,2922,,-38.06755260243632,-1
2026-06-06,test,20.0,False,1,True,False,5493,20,1702,21,9272,5607,5541,3880.0,-39.52761000862813,1
2026-06-07,test,20.0,False,1,True,False,5747,20,1533,20,8738,4098,6716,3880.0,-53.10139620050355,0
2026-06-13,test,22.0,False,1,False,False,4174,22,1865,22,6860,4602,3128,,-32.91545189504373,0
2026-06-19,test,21.5,False,1,False,False,4091,21,1680,22,7413,4292,4869,4080.0,-42.10171320652907,1
2026-06-20,test,19.5,False,1,False,False,3415,19,1487,19,8849,5008,4686,4080.0,-43.40603458017855,0
2026-06-27,test,22.0,True,1,False,False,1198,23,1968,22,3341,4652,2429,,39.23974857826998,-1
2026-07-01,test,21.5,False,1,False,False,2757,21,2240,21,6012,6013,4727,2030.0,0.0166333998669328,0
2026-07-04,test,21.5,False,1,False,True,2051,21,1860,21,4347,5416,4174,,24.591672417759373,0
2026-07-11,test,20.5,False,1,False,False,133,19,1899,21,420,5677,5125,4380.0,1251.6666666666667,2
2026-07-18,test,22.5,True,1,True,False,4071,22,2602,23,6092,5326,228,2400.0,-12.573867367038739,1
2026-07-19,test,22.5,True,1,True,False,2971,22,1959,23,5522,4026,1347,2400.0,-27.09163346613546,1
2026-08-08,test,18.0,False,1,True,False,4276,18,2073,18,8736,6410,6706,3280.0,-26.625457875457876,0
2026-08-15,test,22.5,False,1,True,False,2880,23,1770,23,5169,4431,1838,2831.0,-14.277423099245501,0
2026-08-16,test,19.5,False,1,True,False,3982,21,1274,19,7292,4445,3024,2831.0,-39.042786615469005,-2
2026-08-22,test,20.0,False,1,True,False,4551,20,1767,21,9743,5965,4500,3780.0,-38.77655752848199,1
2026-08-23,test,20.0,False,1,True,False,3799,20,1719,21,8985,4580,6863,3780.0,-49.02615470228158,1
2026-08-29,test,20.0,False,1,True,False,3938,20,1872,20,8286,6187,9743,3280.0,-25.331885107410088,0
2026-08-30,test,20.0,False,1,True,False,3176,21,1632,20,7743,4952,8985,3280.0,-36.04546041585949,-1
