date,title,raw
2026-09-26,LANY：soft world tour,2026/09/26《LANY：soft world tour》
2026-09-20,漢斯·季默傳奇音樂會-全新境界,2026/09/20《漢斯·季默傳奇音樂會-全新境界》
2026-09-18,蕭煌奇2026＜BRAVO＞演唱會 台北小巨蛋,2026/09/18、09/19《蕭煌奇2026＜BRAVO＞演唱會 台北小巨蛋》
2026-09-19,蕭煌奇2026＜BRAVO＞演唱會 台北小巨蛋,2026/09/18、09/19《蕭煌奇2026＜BRAVO＞演唱會 台北小巨蛋》
2026-08-29,Official 髭男dism 2026 亞洲巡迴演唱會-台北站,2026/08/29、08/30《Official 髭男dism 2026 亞洲巡迴演唱會-台北站》
2026-08-30,Official 髭男dism 2026 亞洲巡迴演唱會-台北站,2026/08/29、08/30《Official 髭男dism 2026 亞洲巡迴演唱會-台北站》
2026-08-22,back number “Grateful Yesterdays Tour 2026” in Taipei,2026/08/22、08/23《back number “Grateful Yesterdays Tour 2026” in Taipei》
2026-08-23,back number “Grateful Yesterdays Tour 2026” in Taipei,2026/08/22、08/23《back number “Grateful Yesterdays Tour 2026” in Taipei》
2026-08-15,全球人壽 八三夭 2026生日趴「沒有翅膀的人」世界巡迴演唱會,2026/08/15、08/16《全球人壽 八三夭 2026生日趴「沒有翅膀的人」世界巡迴演唱會》
2026-08-16,全球人壽 八三夭 2026生日趴「沒有翅膀的人」世界巡迴演唱會,2026/08/15、08/16《全球人壽 八三夭 2026生日趴「沒有翅膀的人」世界巡迴演唱會》
2026-08-08,台新銀行 許富凱 《一五一拾》台北小巨蛋演唱會,2026/08/08《台新銀行 許富凱 《一五一拾》台北小巨蛋演唱會》
2026-07-28,2026台北羽球公開賽,2026/07/28、07/29、07/30、07/31、08/01、08/02《2026台北羽球公開賽》
2026-07-29,2026台北羽球公開賽,2026/07/28、07/29、07/30、07/31、08/01、08/02《2026台北羽球公開賽》
2026-07-30,2026台北羽球公開賽,2026/07/28、07/29、07/30、07/31、08/01、08/02《2026台北羽球公開賽》
2026-07-31,2026台北羽球公開賽,2026/07/28、07/29、07/30、07/31、08/01、08/02《2026台北羽球公開賽》
2026-08-01,2026台北羽球公開賽,2026/07/28、07/29、07/30、07/31、08/01、08/02《2026台北羽球公開賽》
2026-08-02,2026台北羽球公開賽,2026/07/28、07/29、07/30、07/31、08/01、08/02《2026台北羽球公開賽》
2026-07-18,ON FIRE DAY 2026 滅火器小巨蛋演唱會,2026/07/18、07/19《ON FIRE DAY 2026 滅火器小巨蛋演唱會》
2026-07-19,ON FIRE DAY 2026 滅火器小巨蛋演唱會,2026/07/18、07/19《ON FIRE DAY 2026 滅火器小巨蛋演唱會》
2026-07-11,2026 KOREA HOT TAIPEI,2026/07/11因受颱風影響，演出取消《2026 KOREA HOT TAIPEI》
2026-07-04,2026CTC世界盃國際標準舞公開賽,2026/07/04 《2026CTC世界盃國際標準舞公開賽》
2026-07-01,星計劃：Artemis 重生,2026/07/01《星計劃：Artemis 重生》
2026-06-27,第37屆金曲獎頒獎典禮,2026/06/27《第37屆金曲獎頒獎典禮》
2026-06-19,LiVE is Smile Always～15～ in Taipei,2026/06/19、06/20《LiVE is Smile Always～15～ in Taipei》
2026-06-20,LiVE is Smile Always～15～ in Taipei,2026/06/19、06/20《LiVE is Smile Always～15～ in Taipei》
2026-06-13,第21屆KKBOX 風雲榜,2026/06/13《第21屆KKBOX 風雲榜》
2026-06-06,King Gnu CEN+RAL Tour 2026 in Taipei,2026/06/06、06/07《King Gnu CEN+RAL Tour 2026 in Taipei》
2026-06-07,King Gnu CEN+RAL Tour 2026 in Taipei,2026/06/06、06/07《King Gnu CEN+RAL Tour 2026 in Taipei》
2026-05-30,國泰世華銀行 2026 韋禮安 韋，您好 HI WE1巡迴演唱會,2026/05/30、05/31《國泰世華銀行 2026 韋禮安 韋，您好 HI WE1巡迴演唱會》
2026-05-31,國泰世華銀行 2026 韋禮安 韋，您好 HI WE1巡迴演唱會,2026/05/30、05/31《國泰世華銀行 2026 韋禮安 韋，您好 HI WE1巡迴演唱會》
2026-05-23,2026 hito流行音樂獎頒獎典禮,2026/05/23《2026 hito流行音樂獎頒獎典禮》
2026-05-15,台新銀行 冠名贊助 動力火車 一路向前台北演唱會,2026/05/15、05/16、05/17《台新銀行 冠名贊助 動力火車 一路向前台北演唱會》
2026-05-16,台新銀行 冠名贊助 動力火車 一路向前台北演唱會,2026/05/15、05/16、05/17《台新銀行 冠名贊助 動力火車 一路向前台北演唱會》
2026-05-17,台新銀行 冠名贊助 動力火車 一路向前台北演唱會,2026/05/15、05/16、05/17《台新銀行 冠名贊助 動力火車 一路向前台北演唱會》
2026-05-09,EXO PLANET #6 - EXhOrizon in TAIPEI,2026/05/09、05/10《EXO PLANET #6 - EXhOrizon in TAIPEI》
2026-05-10,EXO PLANET #6 - EXhOrizon in TAIPEI,2026/05/09、05/10《EXO PLANET #6 - EXhOrizon in TAIPEI》
2026-05-03,2026 臺北母娘文化季-弘揚母愛音樂會,2026/05/03《2026 臺北母娘文化季-弘揚母愛音樂會》
2026-04-26,張清芳與她的好友們 慈善演唱會,2026/04/26《張清芳與她的好友們 慈善演唱會》
2026-04-25,2026 好想好好愛周蕙 台北小巨蛋 演唱會,2026/04/25《2026 好想好好愛周蕙 台北小巨蛋 演唱會》
2026-04-17,114學年度富邦人壽UBA 大專籃球聯賽決賽,2026/04/17、04/18、04/19《114學年度富邦人壽UBA 大專籃球聯賽決賽》
2026-04-18,114學年度富邦人壽UBA 大專籃球聯賽決賽,2026/04/17、04/18、04/19《114學年度富邦人壽UBA 大專籃球聯賽決賽》
2026-04-19,114學年度富邦人壽UBA 大專籃球聯賽決賽,2026/04/17、04/18、04/19《114學年度富邦人壽UBA 大專籃球聯賽決賽》
2026-04-11,2025-26年P.league+台灣職業籃球聯盟-臺北富邦勇士主場賽事,2026/04/11、04/12《2025-26年P.league+台灣職業籃球聯盟-臺北富邦勇士主場賽事》
2026-04-12,2025-26年P.league+台灣職業籃球聯盟-臺北富邦勇士主場賽事,2026/04/11、04/12《2025-26年P.league+台灣職業籃球聯盟-臺北富邦勇士主場賽事》
2026-04-04,tuki. 1st ASIA TOUR 2026 in TAIPEI,2026/04/04、04/05《tuki. 1st ASIA TOUR 2026 in TAIPEI》
2026-04-05,tuki. 1st ASIA TOUR 2026 in TAIPEI,2026/04/04、04/05《tuki. 1st ASIA TOUR 2026 in TAIPEI》
2026-03-28,2026舞王世界公開賽,2026/03/28《2026舞王世界公開賽》
2026-03-21,114學年度高中籃球甲級聯賽總決賽,2026/03/21、03/22《114學年度高中籃球甲級聯賽總決賽》
2026-03-22,114學年度高中籃球甲級聯賽總決賽,2026/03/21、03/22《114學年度高中籃球甲級聯賽總決賽》
2026-03-12,2026世界室內拔河錦標賽,2026/03/12、03/13、03/14、03/15《2026世界室內拔河錦標賽》
2026-03-13,2026世界室內拔河錦標賽,2026/03/12、03/13、03/14、03/15《2026世界室內拔河錦標賽》
2026-03-14,2026世界室內拔河錦標賽,2026/03/12、03/13、03/14、03/15《2026世界室內拔河錦標賽》
2026-03-15,2026世界室內拔河錦標賽,2026/03/12、03/13、03/14、03/15《2026世界室內拔河錦標賽》
2026-03-07,佛光山 2026年禪淨共修獻燈祈福法會,2026/03/07、03/08《佛光山 2026年禪淨共修獻燈祈福法會》
2026-03-08,佛光山 2026年禪淨共修獻燈祈福法會,2026/03/07、03/08《佛光山 2026年禪淨共修獻燈祈福法會》
2026-03-04,ONEREPUBLIC “From Asia， With Love” 2026 in Taipei,2026/03/04《ONEREPUBLIC “From Asia， With Love” 2026 in Taipei》
2026-02-27,2026國標舞亞巡賽-臺北公開賽,2026/02/27、02/28《2026國標舞亞巡賽-臺北公開賽》
2026-02-28,2026國標舞亞巡賽-臺北公開賽,2026/02/27、02/28《2026國標舞亞巡賽-臺北公開賽》
2026-02-20,"江蕙演唱會 【無,有】 安可場","2026/02/20、02/21、02/22、02/24、02/25《江蕙演唱會 【無,有】 安可場》"
2026-02-21,"江蕙演唱會 【無,有】 安可場","2026/02/20、02/21、02/22、02/24、02/25《江蕙演唱會 【無,有】 安可場》"
2026-02-22,"江蕙演唱會 【無,有】 安可場","2026/02/20、02/21、02/22、02/24、02/25《江蕙演唱會 【無,有】 安可場》"
2026-02-24,"江蕙演唱會 【無,有】 安可場","2026/02/20、02/21、02/22、02/24、02/25《江蕙演唱會 【無,有】 安可場》"
2026-02-25,"江蕙演唱會 【無,有】 安可場","2026/02/20、02/21、02/22、02/24、02/25《江蕙演唱會 【無,有】 安可場》"
2026-02-12,冰上迪士尼：Magical in the Stars,2026/02/12、02/13、02/14《冰上迪士尼：Magical in the Stars》
2026-02-13,冰上迪士尼：Magical in the Stars,2026/02/12、02/13、02/14《冰上迪士尼：Magical in the Stars》
2026-02-14,冰上迪士尼：Magical in the Stars,2026/02/12、02/13、02/14《冰上迪士尼：Magical in the Stars》
2026-02-07,魏如萱 waa wei 〈怪奇的珍珠〉巡迴演唱會 台北旗艦場,2026/02/07、02/08《魏如萱 waa wei 〈怪奇的珍珠〉巡迴演唱會 台北旗艦場》
2026-02-08,魏如萱 waa wei 〈怪奇的珍珠〉巡迴演唱會 台北旗艦場,2026/02/07、02/08《魏如萱 waa wei 〈怪奇的珍珠〉巡迴演唱會 台北旗艦場》
2026-01-31,2026超級巨星紅白藝能大賞,2026/01/31《2026超級巨星紅白藝能大賞》
2026-01-23,2026王心凌 SUGAR HIGH 2.0世界巡迴演唱會 台北站,2026/01/23、01/24《2026王心凌 SUGAR HIGH 2.0世界巡迴演唱會 台北站》
2026-01-24,2026王心凌 SUGAR HIGH 2.0世界巡迴演唱會 台北站,2026/01/23、01/24《2026王心凌 SUGAR HIGH 2.0世界巡迴演唱會 台北站》
2026-01-17,2026 RAIN亞洲巡迴演唱會:安可-台北場,2026/01/17《2026 RAIN亞洲巡迴演唱會:安可-台北場》
2026-01-10,中華電信Energy《ALL IN 全面進擊》台北小巨蛋演唱會,2026/01/10、01/11《中華電信Energy《ALL IN 全面進擊》台北小巨蛋演唱會》
2026-01-11,中華電信Energy《ALL IN 全面進擊》台北小巨蛋演唱會,2026/01/10、01/11《中華電信Energy《ALL IN 全面進擊》台北小巨蛋演唱會》
2026-01-02,BABY MONSTER TAIPEI FAN CONCERT (LOVE MONSTER),2026/01/02、01/03《BABY MONSTER TAIPEI FAN CONCERT (LOVE MONSTER)》
2026-01-03,BABY MONSTER TAIPEI FAN CONCERT (LOVE MONSTER),2026/01/02、01/03《BABY MONSTER TAIPEI FAN CONCERT (LOVE MONSTER)》
2025-12-26,2025李聖傑 One Day 直到那一天世界巡迴演唱會 台北站,2025/12/26、12/27《2025李聖傑 One Day 直到那一天世界巡迴演唱會 台北站》
2025-12-27,2025李聖傑 One Day 直到那一天世界巡迴演唱會 台北站,2025/12/26、12/27《2025李聖傑 One Day 直到那一天世界巡迴演唱會 台北站》
2025-12-20,vivo x 宇宙人 [ α：回到未來1986 ] 台北小巨蛋演唱會,2025/12/20《vivo x 宇宙人 [ α：回到未來1986 ] 台北小巨蛋演唱會》
2025-12-13,2025 羅志祥 30 巡迴演唱會 台北站,2025/12/13、12/14《2025 羅志祥 30 巡迴演唱會 台北站》
2025-12-14,2025 羅志祥 30 巡迴演唱會 台北站,2025/12/13、12/14《2025 羅志祥 30 巡迴演唱會 台北站》
2025-12-06,2025 ZEROBASEONE 巡迴演唱會台北站,2025/12/06《2025 ZEROBASEONE 巡迴演唱會台北站》
2025-11-29,2025 民歌 50高峰會 最終加場,2025/11/29《2025 民歌 50高峰會 最終加場》
2025-11-26,初音未來2025台北演唱會,2025/11/26《初音未來2025台北演唱會》
2025-11-22,Marz23 《不簡單的演唱會》台北小巨蛋,2025/11/22《Marz23 《不簡單的演唱會》台北小巨蛋》
2025-11-15,丁噹Della 《夜遊 A Night Tour》小巨蛋夜未眠巡迴演唱會,2025/11/15、11/16《丁噹Della 《夜遊 A Night Tour》小巨蛋夜未眠巡迴演唱會》
2025-11-16,丁噹Della 《夜遊 A Night Tour》小巨蛋夜未眠巡迴演唱會,2025/11/15、11/16《丁噹Della 《夜遊 A Night Tour》小巨蛋夜未眠巡迴演唱會》
2025-11-08,2025 舞王世界公開賽,2025/11/08《2025 舞王世界公開賽》
2025-11-05,迪士尼《公主音樂會》,2025/11/05《迪士尼《公主音樂會》》
2025-11-01,理想混蛋《不是因為天氣晴朗才見面》台北小巨蛋演唱會,2025/11/01、11/02《理想混蛋《不是因為天氣晴朗才見面》台北小巨蛋演唱會》
2025-11-02,理想混蛋《不是因為天氣晴朗才見面》台北小巨蛋演唱會,2025/11/01、11/02《理想混蛋《不是因為天氣晴朗才見面》台北小巨蛋演唱會》
2025-10-25,2025年第九屆世界盃太極拳錦標賽,2025/10/25、10/26《2025年第九屆世界盃太極拳錦標賽》
2025-10-26,2025年第九屆世界盃太極拳錦標賽,2025/10/25、10/26《2025年第九屆世界盃太極拳錦標賽》
2025-10-21,《進擊的巨人》—Beyond the Walls世界巡演,2025/10/21、10/22、10/23《《進擊的巨人》—Beyond the Walls世界巡演》
2025-10-22,《進擊的巨人》—Beyond the Walls世界巡演,2025/10/21、10/22、10/23《《進擊的巨人》—Beyond the Walls世界巡演》
2025-10-23,《進擊的巨人》—Beyond the Walls世界巡演,2025/10/21、10/22、10/23《《進擊的巨人》—Beyond the Walls世界巡演》
2025-10-11,優里巡迴演唱會 2025 台北場,2025/10/11、10/12《優里巡迴演唱會 2025 台北場》
2025-10-12,優里巡迴演唱會 2025 台北場,2025/10/11、10/12《優里巡迴演唱會 2025 台北場》
2025-10-04,李翊君《翊起聽見愛》 台北小巨蛋 演唱會,2025/10/04《李翊君《翊起聽見愛》 台北小巨蛋 演唱會》
2025-09-26,周興哲《Odyssey旅程巡迴演唱會》台北返場,2025/09/26、09/27、09/28《周興哲《Odyssey旅程巡迴演唱會》台北返場》
2025-09-27,周興哲《Odyssey旅程巡迴演唱會》台北返場,2025/09/26、09/27、09/28《周興哲《Odyssey旅程巡迴演唱會》台北返場》
2025-09-28,周興哲《Odyssey旅程巡迴演唱會》台北返場,2025/09/26、09/27、09/28《周興哲《Odyssey旅程巡迴演唱會》台北返場》
2025-09-20,周華健 少年奇幻之旅3.0 巡迴演唱會,2025/09/20、09/21《周華健 少年奇幻之旅3.0 巡迴演唱會》
2025-09-21,周華健 少年奇幻之旅3.0 巡迴演唱會,2025/09/20、09/21《周華健 少年奇幻之旅3.0 巡迴演唱會》
2025-09-13,2025火焰之舞,2025/09/13、09/14《2025火焰之舞》
2025-09-14,2025火焰之舞,2025/09/13、09/14《2025火焰之舞》
2025-09-07,Trendy Taipei J-POP NIGHT,2025/09/07《Trendy Taipei J-POP NIGHT》
2025-09-06,Trendy Taipei KOREA GIRL’S POWER,2025/09/06《Trendy Taipei KOREA GIRL’S POWER》
2025-09-05,Trendy Taipei Boom 台北小巨蛋-台ONE團團讚,2025/09/05《Trendy Taipei Boom 台北小巨蛋-台ONE團團讚》
2025-08-12,2025江蕙演唱會,2025/08/08(順延至08/17)、08/09(順延至08/24)、08/12、08/13、08/15、08/16、08/19、08/20、08/22、08/23、08/26、08/27、08/29、08/30、09/01《2025江蕙演唱會》
2025-08-13,2025江蕙演唱會,2025/08/08(順延至08/17)、08/09(順延至08/24)、08/12、08/13、08/15、08/16、08/19、08/20、08/22、08/23、08/26、08/27、08/29、08/30、09/01《2025江蕙演唱會》
2025-08-15,2025江蕙演唱會,2025/08/08(順延至08/17)、08/09(順延至08/24)、08/12、08/13、08/15、08/16、08/19、08/20、08/22、08/23、08/26、08/27、08/29、08/30、09/01《2025江蕙演唱會》
2025-08-16,2025江蕙演唱會,2025/08/08(順延至08/17)、08/09(順延至08/24)、08/12、08/13、08/15、08/16、08/19、08/20、08/22、08/23、08/26、08/27、08/29、08/30、09/01《2025江蕙演唱會》
2025-08-19,2025江蕙演唱會,2025/08/08(順延至08/17)、08/09(順延至08/24)、08/12、08/13、08/15、08/16、08/19、08/20、08/22、08/23、08/26、08/27、08/29、08/30、09/01《2025江蕙演唱會》
2025-08-20,2025江蕙演唱會,2025/08/08(順延至08/17)、08/09(順延至08/24)、08/12、08/13、08/15、08/16、08/19、08/20、08/22、08/23、08/26、08/27、08/29、08/30、09/01《2025江蕙演唱會》
2025-08-22,2025江蕙演唱會,2025/08/08(順延至08/17)、08/09(順延至08/24)、08/12、08/13、08/15、08/16、08/19、08/20、08/22、08/23、08/26、08/27、08/29、08/30、09/01《2025江蕙演唱會》
2025-08-23,2025江蕙演唱會,2025/08/08(順延至08/17)、08/09(順延至08/24)、08/12、08/13、08/15、08/16、08/19、08/20、08/22、08/23、08/26、08/27、08/29、08/30、09/01《2025江蕙演唱會》
2025-08-26,2025江蕙演唱會,2025/08/08(順延至08/17)、08/09(順延至08/24)、08/12、08/13、08/15、08/16、08/19、08/20、08/22、08/23、08/26、08/27、08/29、08/30、09/01《2025江蕙演唱會》
2025-08-27,2025江蕙演唱會,2025/08/08(順延至08/17)、08/09(順延至08/24)、08/12、08/13、08/15、08/16、08/19、08/20、08/22、08/23、08/26、08/27、08/29、08/30、09/01《2025江蕙演唱會》
2025-08-29,2025江蕙演唱會,2025/08/08(順延至08/17)、08/09(順延至08/24)、08/12、08/13、08/15、08/16、08/19、08/20、08/22、08/23、08/26、08/27、08/29、08/30、09/01《2025江蕙演唱會》
2025-08-30,2025江蕙演唱會,2025/08/08(順延至08/17)、08/09(順延至08/24)、08/12、08/13、08/15、08/16、08/19、08/20、08/22、08/23、08/26、08/27、08/29、08/30、09/01《2025江蕙演唱會》
2025-09-01,2025江蕙演唱會,2025/08/08(順延至08/17)、08/09(順延至08/24)、08/12、08/13、08/15、08/16、08/19、08/20、08/22、08/23、08/26、08/27、08/29、08/30、09/01《2025江蕙演唱會》
2025-08-17,2025江蕙演唱會,2025/08/08(順延至08/17)、08/09(順延至08/24)、08/12、08/13、08/15、08/16、08/19、08/20、08/22、08/23、08/26、08/27、08/29、08/30、09/01《2025江蕙演唱會》
2025-08-24,2025江蕙演唱會,2025/08/08(順延至08/17)、08/09(順延至08/24)、08/12、08/13、08/15、08/16、08/19、08/20、08/22、08/23、08/26、08/27、08/29、08/30、09/01《2025江蕙演唱會》
2025-08-01,ayumi hamasaki Asia Tour 2025 A I am ayu - ep.Ⅱ-濱崎步2025亞洲巡迴演唱會—台北站,2025/08/01、08/02《ayumi hamasaki Asia Tour 2025 A I am ayu - ep.Ⅱ-濱崎步2025亞洲巡迴演唱會—台北站》
2025-08-02,ayumi hamasaki Asia Tour 2025 A I am ayu - ep.Ⅱ-濱崎步2025亞洲巡迴演唱會—台北站,2025/08/01、08/02《ayumi hamasaki Asia Tour 2025 A I am ayu - ep.Ⅱ-濱崎步2025亞洲巡迴演唱會—台北站》
2025-07-18,頑童MJ116 OGS 台北小巨蛋演唱會,2025/07/18、07/19、07/20、07/22、07/25、07/26、07/27《頑童MJ116 OGS 台北小巨蛋演唱會》
2025-07-19,頑童MJ116 OGS 台北小巨蛋演唱會,2025/07/18、07/19、07/20、07/22、07/25、07/26、07/27《頑童MJ116 OGS 台北小巨蛋演唱會》
2025-07-20,頑童MJ116 OGS 台北小巨蛋演唱會,2025/07/18、07/19、07/20、07/22、07/25、07/26、07/27《頑童MJ116 OGS 台北小巨蛋演唱會》
2025-07-22,頑童MJ116 OGS 台北小巨蛋演唱會,2025/07/18、07/19、07/20、07/22、07/25、07/26、07/27《頑童MJ116 OGS 台北小巨蛋演唱會》
2025-07-25,頑童MJ116 OGS 台北小巨蛋演唱會,2025/07/18、07/19、07/20、07/22、07/25、07/26、07/27《頑童MJ116 OGS 台北小巨蛋演唱會》
2025-07-26,頑童MJ116 OGS 台北小巨蛋演唱會,2025/07/18、07/19、07/20、07/22、07/25、07/26、07/27《頑童MJ116 OGS 台北小巨蛋演唱會》
2025-07-27,頑童MJ116 OGS 台北小巨蛋演唱會,2025/07/18、07/19、07/20、07/22、07/25、07/26、07/27《頑童MJ116 OGS 台北小巨蛋演唱會》
2025-07-11,G-DRAGON 2025 WORLD TOUR [Übermensch] IN TAIPEI,2025/07/11、07/12、07/13《G-DRAGON 2025 WORLD TOUR [Übermensch] IN TAIPEI》
2025-07-12,G-DRAGON 2025 WORLD TOUR [Übermensch] IN TAIPEI,2025/07/11、07/12、07/13《G-DRAGON 2025 WORLD TOUR [Übermensch] IN TAIPEI》
2025-07-13,G-DRAGON 2025 WORLD TOUR [Übermensch] IN TAIPEI,2025/07/11、07/12、07/13《G-DRAGON 2025 WORLD TOUR [Übermensch] IN TAIPEI》
2025-07-05,2025CTC世界盃國際標準舞公開賽,2025/07/05《2025CTC世界盃國際標準舞公開賽》
2025-06-28,第36屆流行音樂金曲獎頒獎典禮,2025/06/28《第36屆流行音樂金曲獎頒獎典禮》
2025-06-21,2025hito流行音樂獎頒獎典禮,2025/06/21《2025hito流行音樂獎頒獎典禮》
2025-06-13,伍佰 & China Blue Rock Star2 演唱會 台北站,2025/06/13、06/14、06/15《伍佰 & China Blue Rock Star2 演唱會 台北站》
2025-06-14,伍佰 & China Blue Rock Star2 演唱會 台北站,2025/06/13、06/14、06/15《伍佰 & China Blue Rock Star2 演唱會 台北站》
2025-06-15,伍佰 & China Blue Rock Star2 演唱會 台北站,2025/06/13、06/14、06/15《伍佰 & China Blue Rock Star2 演唱會 台北站》
2025-05-31,美國高空大馬戲團,2025/05/31、06/01《美國高空大馬戲團》
2025-06-01,美國高空大馬戲團,2025/05/31、06/01《美國高空大馬戲團》
2025-05-19,2025雙北世界壯年運動會-柔道、運動舞蹈,2025/05/19-05/24、05/27-05/29《2025雙北世界壯年運動會-柔道、運動舞蹈》
2025-05-20,2025雙北世界壯年運動會-柔道、運動舞蹈,2025/05/19-05/24、05/27-05/29《2025雙北世界壯年運動會-柔道、運動舞蹈》
2025-05-21,2025雙北世界壯年運動會-柔道、運動舞蹈,2025/05/19-05/24、05/27-05/29《2025雙北世界壯年運動會-柔道、運動舞蹈》
2025-05-22,2025雙北世界壯年運動會-柔道、運動舞蹈,2025/05/19-05/24、05/27-05/29《2025雙北世界壯年運動會-柔道、運動舞蹈》
2025-05-23,2025雙北世界壯年運動會-柔道、運動舞蹈,2025/05/19-05/24、05/27-05/29《2025雙北世界壯年運動會-柔道、運動舞蹈》
2025-05-24,2025雙北世界壯年運動會-柔道、運動舞蹈,2025/05/19-05/24、05/27-05/29《2025雙北世界壯年運動會-柔道、運動舞蹈》
2025-05-27,2025雙北世界壯年運動會-柔道、運動舞蹈,2025/05/19-05/24、05/27-05/29《2025雙北世界壯年運動會-柔道、運動舞蹈》
2025-05-28,2025雙北世界壯年運動會-柔道、運動舞蹈,2025/05/19-05/24、05/27-05/29《2025雙北世界壯年運動會-柔道、運動舞蹈》
2025-05-29,2025雙北世界壯年運動會-柔道、運動舞蹈,2025/05/19-05/24、05/27-05/29《2025雙北世界壯年運動會-柔道、運動舞蹈》
2025-05-06,2025YONEX台北羽球公開賽,2025/05/06、05/07、05/08、05/09、05/10、05/11《2025YONEX台北羽球公開賽》
2025-05-07,2025YONEX台北羽球公開賽,2025/05/06、05/07、05/08、05/09、05/10、05/11《2025YONEX台北羽球公開賽》
2025-05-08,2025YONEX台北羽球公開賽,2025/05/06、05/07、05/08、05/09、05/10、05/11《2025YONEX台北羽球公開賽》
2025-05-09,2025YONEX台北羽球公開賽,2025/05/06、05/07、05/08、05/09、05/10、05/11《2025YONEX台北羽球公開賽》
2025-05-10,2025YONEX台北羽球公開賽,2025/05/06、05/07、05/08、05/09、05/10、05/11《2025YONEX台北羽球公開賽》
2025-05-11,2025YONEX台北羽球公開賽,2025/05/06、05/07、05/08、05/09、05/10、05/11《2025YONEX台北羽球公開賽》
2025-04-26,弘揚母愛音樂會,2025/04/26、04/27《弘揚母愛音樂會》
2025-04-27,弘揚母愛音樂會,2025/04/26、04/27《弘揚母愛音樂會》
2025-04-18,TOYOTA張學友60+巡迴演唱會 台北站,2025/04/18、04/19、04/20《TOYOTA張學友60+巡迴演唱會 台北站》
2025-04-19,TOYOTA張學友60+巡迴演唱會 台北站,2025/04/18、04/19、04/20《TOYOTA張學友60+巡迴演唱會 台北站》
2025-04-20,TOYOTA張學友60+巡迴演唱會 台北站,2025/04/18、04/19、04/20《TOYOTA張學友60+巡迴演唱會 台北站》
2025-04-04,中國信託精彩呈獻 2025 張學友 60＋巡迴演唱會-台北場,2025/04/04、04/05、04/06、04/11、04/12、04/13《中國信託精彩呈獻 2025 張學友 60＋巡迴演唱會-台北場》
2025-04-05,中國信託精彩呈獻 2025 張學友 60＋巡迴演唱會-台北場,2025/04/04、04/05、04/06、04/11、04/12、04/13《中國信託精彩呈獻 2025 張學友 60＋巡迴演唱會-台北場》
2025-04-06,中國信託精彩呈獻 2025 張學友 60＋巡迴演唱會-台北場,2025/04/04、04/05、04/06、04/11、04/12、04/13《中國信託精彩呈獻 2025 張學友 60＋巡迴演唱會-台北場》
2025-04-11,中國信託精彩呈獻 2025 張學友 60＋巡迴演唱會-台北場,2025/04/04、04/05、04/06、04/11、04/12、04/13《中國信託精彩呈獻 2025 張學友 60＋巡迴演唱會-台北場》
2025-04-12,中國信託精彩呈獻 2025 張學友 60＋巡迴演唱會-台北場,2025/04/04、04/05、04/06、04/11、04/12、04/13《中國信託精彩呈獻 2025 張學友 60＋巡迴演唱會-台北場》
2025-04-13,中國信託精彩呈獻 2025 張學友 60＋巡迴演唱會-台北場,2025/04/04、04/05、04/06、04/11、04/12、04/13《中國信託精彩呈獻 2025 張學友 60＋巡迴演唱會-台北場》
2025-03-28,113學年度富邦人壽UBA大專籃球聯賽決賽,2025/03/28、03/29、03/30《113學年度富邦人壽UBA大專籃球聯賽決賽》
2025-03-29,113學年度富邦人壽UBA大專籃球聯賽決賽,2025/03/28、03/29、03/30《113學年度富邦人壽UBA大專籃球聯賽決賽》
2025-03-30,113學年度富邦人壽UBA大專籃球聯賽決賽,2025/03/28、03/29、03/30《113學年度富邦人壽UBA大專籃球聯賽決賽》
2025-03-25,臺北市私立復興實驗高級中學八十週年校慶（非公開活動）,2025/03/25《臺北市私立復興實驗高級中學八十週年校慶（非公開活動）》
2025-03-22,戴佩妮 2025「雙生火焰」台北小巨蛋演唱會,2025/03/22《戴佩妮 2025「雙生火焰」台北小巨蛋演唱會》
2025-03-15,KENSHI YONEZU 2025 WORLD TOUR /JUNK米津玄師巡迴演唱會台北場,2025/03/15、03/16《KENSHI YONEZU 2025 WORLD TOUR /JUNK米津玄師巡迴演唱會台北場》
2025-03-16,KENSHI YONEZU 2025 WORLD TOUR /JUNK米津玄師巡迴演唱會台北場,2025/03/15、03/16《KENSHI YONEZU 2025 WORLD TOUR /JUNK米津玄師巡迴演唱會台北場》
2025-03-08,113學年度高中籃球聯賽甲級總決賽,2025/03/08、03/09《113學年度高中籃球聯賽甲級總決賽》
2025-03-09,113學年度高中籃球聯賽甲級總決賽,2025/03/08、03/09《113學年度高中籃球聯賽甲級總決賽》
2025-03-02,佛光山2025年禪淨共修獻燈祈福法會,2025/03/02《佛光山2025年禪淨共修獻燈祈福法會》
2025-02-28,2025國標舞亞巡賽-臺北公開賽,2025/02/28《2025國標舞亞巡賽-臺北公開賽》
2025-02-22,蘇打綠 《二十年一刻》巡迴演唱會,2025/02/22、02/23《蘇打綠 《二十年一刻》巡迴演唱會》
2025-02-23,蘇打綠 《二十年一刻》巡迴演唱會,2025/02/22、02/23《蘇打綠 《二十年一刻》巡迴演唱會》
2025-02-14,【民歌五十】演唱會,2025/02/14、02/15、02/16《【民歌五十】演唱會》
2025-02-15,【民歌五十】演唱會,2025/02/14、02/15、02/16《【民歌五十】演唱會》
2025-02-16,【民歌五十】演唱會,2025/02/14、02/15、02/16《【民歌五十】演唱會》
2025-02-08,YOASOBI ASIA TOUR 2024-2025 LIVE IN TAIPEI,2025/02/08、02/09《YOASOBI ASIA TOUR 2024-2025 LIVE IN TAIPEI》
2025-02-09,YOASOBI ASIA TOUR 2024-2025 LIVE IN TAIPEI,2025/02/08、02/09《YOASOBI ASIA TOUR 2024-2025 LIVE IN TAIPEI》
2025-01-23,冰上迪士尼-Find Your Hero,2025/01/23、01/24、01/25、01/26《冰上迪士尼-Find Your Hero》
2025-01-24,冰上迪士尼-Find Your Hero,2025/01/23、01/24、01/25、01/26《冰上迪士尼-Find Your Hero》
2025-01-25,冰上迪士尼-Find Your Hero,2025/01/23、01/24、01/25、01/26《冰上迪士尼-Find Your Hero》
2025-01-26,冰上迪士尼-Find Your Hero,2025/01/23、01/24、01/25、01/26《冰上迪士尼-Find Your Hero》
2025-01-17,A-Lin 2025演唱會「A-LINK WITH PASSENGERS – 最終站」,2025/01/17、01/18、01/19《A-Lin 2025演唱會「A-LINK WITH PASSENGERS – 最終站」》
2025-01-18,A-Lin 2025演唱會「A-LINK WITH PASSENGERS – 最終站」,2025/01/17、01/18、01/19《A-Lin 2025演唱會「A-LINK WITH PASSENGERS – 最終站」》
2025-01-19,A-Lin 2025演唱會「A-LINK WITH PASSENGERS – 最終站」,2025/01/17、01/18、01/19《A-Lin 2025演唱會「A-LINK WITH PASSENGERS – 最終站」》
2025-01-12,英業達 50 周年旺年會（非公開活動）,2025/01/12《英業達 50 周年旺年會（非公開活動）》
2025-01-10,民歌50高峰會 最終場,2025/01/10、01/11《民歌50高峰會 最終場》
2025-01-11,民歌50高峰會 最終場,2025/01/10、01/11《民歌50高峰會 最終場》
2025-01-05,2025超級巨星紅白藝能大賞,2025/01/05《2025超級巨星紅白藝能大賞》
2024-12-27,郭富城 ICONIC 世界巡迴演唱會《2024 台北站》,2024/12/27、12/28、12/29《郭富城 ICONIC 世界巡迴演唱會《2024 台北站》》
2024-12-28,郭富城 ICONIC 世界巡迴演唱會《2024 台北站》,2024/12/27、12/28、12/29《郭富城 ICONIC 世界巡迴演唱會《2024 台北站》》
2024-12-29,郭富城 ICONIC 世界巡迴演唱會《2024 台北站》,2024/12/27、12/28、12/29《郭富城 ICONIC 世界巡迴演唱會《2024 台北站》》
2024-12-21,拳上 2024,2024/12/21《拳上 2024》
2024-12-15,Official髭男dism 2024 Rejoice亞洲巡迴演唱會 - 台北站,2024/12/15《Official髭男dism 2024 Rejoice亞洲巡迴演唱會 - 台北站》
2024-12-14,TRASH《幸福的末班車》15週年演唱會,2024/12/14《TRASH《幸福的末班車》15週年演唱會》
2024-12-07,蕭秉治Xiao Bing Chih《活著Alive》小巨蛋演唱會,2024/12/07《蕭秉治Xiao Bing Chih《活著Alive》小巨蛋演唱會》
2024-11-30,Naniwa Danshi ASIA TOUR 2024+2025 '+Alpha',2024/11/30、12/01《Naniwa Danshi ASIA TOUR 2024+2025 '+Alpha'》
2024-12-01,Naniwa Danshi ASIA TOUR 2024+2025 '+Alpha',2024/11/30、12/01《Naniwa Danshi ASIA TOUR 2024+2025 '+Alpha'》
2024-11-23,motorola呈獻 周湯豪REALIVE (R2) 特仕版,2024/11/23、11/24《motorola呈獻 周湯豪REALIVE (R2) 特仕版》
2024-11-24,motorola呈獻 周湯豪REALIVE (R2) 特仕版,2024/11/23、11/24《motorola呈獻 周湯豪REALIVE (R2) 特仕版》
2024-11-16,Best of Fujii Kaze 2020-2024 ASIA TOUR in Taipei,2024/11/16、11/17《Best of Fujii Kaze 2020-2024 ASIA TOUR in Taipei》
2024-11-17,Best of Fujii Kaze 2020-2024 ASIA TOUR in Taipei,2024/11/16、11/17《Best of Fujii Kaze 2020-2024 ASIA TOUR in Taipei》
2024-11-09,2024 陶喆 SOUL POWER II 世界巡迴演唱會 ,2024/11/09、11/10《2024 陶喆 SOUL POWER II 世界巡迴演唱會 》
2024-11-10,2024 陶喆 SOUL POWER II 世界巡迴演唱會 ,2024/11/09、11/10《2024 陶喆 SOUL POWER II 世界巡迴演唱會 》
2024-11-01,輝葉按摩椅呈獻今天···istheDay劉德華巡迴演唱會2024-台北站,2024/10/31(取消延期)、11/01、11/02、11/03《輝葉按摩椅呈獻今天···istheDay劉德華巡迴演唱會2024-台北站》
2024-11-02,輝葉按摩椅呈獻今天···istheDay劉德華巡迴演唱會2024-台北站,2024/10/31(取消延期)、11/01、11/02、11/03《輝葉按摩椅呈獻今天···istheDay劉德華巡迴演唱會2024-台北站》
2024-11-03,輝葉按摩椅呈獻今天···istheDay劉德華巡迴演唱會2024-台北站,2024/10/31(取消延期)、11/01、11/02、11/03《輝葉按摩椅呈獻今天···istheDay劉德華巡迴演唱會2024-台北站》
2024-10-19,富邦金控 台灣大哥大 2024張清芳Timeless演唱會 花見特別安可場,2024/10/19《富邦金控 台灣大哥大 2024張清芳Timeless演唱會 花見特別安可場》
2024-10-12,2024王心凌 SUGAR HIGH 2.0世界巡迴演唱會,2024/10/12、10/13《2024王心凌 SUGAR HIGH 2.0世界巡迴演唱會》
2024-10-13,2024王心凌 SUGAR HIGH 2.0世界巡迴演唱會,2024/10/12、10/13《2024王心凌 SUGAR HIGH 2.0世界巡迴演唱會》
2024-10-04,2024 (G)I-DLE WORLD TOUR [iDOL] IN TAIPEI,2024/10/04、10/05、10/06《2024 (G)I-DLE WORLD TOUR [iDOL] IN TAIPEI》
2024-10-05,2024 (G)I-DLE WORLD TOUR [iDOL] IN TAIPEI,2024/10/04、10/05、10/06《2024 (G)I-DLE WORLD TOUR [iDOL] IN TAIPEI》
2024-10-06,2024 (G)I-DLE WORLD TOUR [iDOL] IN TAIPEI,2024/10/04、10/05、10/06《2024 (G)I-DLE WORLD TOUR [iDOL] IN TAIPEI》
2024-09-28,陳曉東「REFLECTION心有獨鍾30週年」巡迴演唱會台北站,2024/09/28《陳曉東「REFLECTION心有獨鍾30週年」巡迴演唱會台北站》
2024-09-21,麋先生 MIXER〈馬戲團運動 CircUs〉世界巡迴演唱會,2024/09/21《麋先生 MIXER〈馬戲團運動 CircUs〉世界巡迴演唱會》
2024-09-03,2024 YONEX台北羽球公開賽,2024/09/03、09/04、09/05、09/06、09/07、09/08《2024 YONEX台北羽球公開賽》
2024-09-04,2024 YONEX台北羽球公開賽,2024/09/03、09/04、09/05、09/06、09/07、09/08《2024 YONEX台北羽球公開賽》
2024-09-05,2024 YONEX台北羽球公開賽,2024/09/03、09/04、09/05、09/06、09/07、09/08《2024 YONEX台北羽球公開賽》
2024-09-06,2024 YONEX台北羽球公開賽,2024/09/03、09/04、09/05、09/06、09/07、09/08《2024 YONEX台北羽球公開賽》
2024-09-07,2024 YONEX台北羽球公開賽,2024/09/03、09/04、09/05、09/06、09/07、09/08《2024 YONEX台北羽球公開賽》
2024-09-08,2024 YONEX台北羽球公開賽,2024/09/03、09/04、09/05、09/06、09/07、09/08《2024 YONEX台北羽球公開賽》
2024-08-24,2024 SUPER SLIPPA 超犀利趴13,2024/08/24、08/25《2024 SUPER SLIPPA 超犀利趴13》
2024-08-25,2024 SUPER SLIPPA 超犀利趴13,2024/08/24、08/25《2024 SUPER SLIPPA 超犀利趴13》
2024-08-16,2024 SUPER JUNIOR＜SUPER SHOW SPIN-OFF : Halftime＞in TAIPEI,2024/08/16、08/17、08/18《2024 SUPER JUNIOR＜SUPER SHOW SPIN-OFF : Halftime＞in TAIPEI》
2024-08-17,2024 SUPER JUNIOR＜SUPER SHOW SPIN-OFF : Halftime＞in TAIPEI,2024/08/16、08/17、08/18《2024 SUPER JUNIOR＜SUPER SHOW SPIN-OFF : Halftime＞in TAIPEI》
2024-08-18,2024 SUPER JUNIOR＜SUPER SHOW SPIN-OFF : Halftime＞in TAIPEI,2024/08/16、08/17、08/18《2024 SUPER JUNIOR＜SUPER SHOW SPIN-OFF : Halftime＞in TAIPEI》
2024-08-10,HIKARUUTADA SCIENCE FICTION TOUR 2024,2024/08/10、08/11《HIKARUUTADA SCIENCE FICTION TOUR 2024》
2024-08-11,HIKARUUTADA SCIENCE FICTION TOUR 2024,2024/08/10、08/11《HIKARUUTADA SCIENCE FICTION TOUR 2024》
2024-08-03,Ozone World Top 台北小巨蛋演唱會,2024/08/03《Ozone World Top 台北小巨蛋演唱會》
2024-07-27,2024 Energy《一觸即發》台北演唱會,2024/07/27、07/28《2024 Energy《一觸即發》台北演唱會》
2024-07-28,2024 Energy《一觸即發》台北演唱會,2024/07/27、07/28《2024 Energy《一觸即發》台北演唱會》
2024-07-20,ITZY 2024 台北演唱會,2024/07/20《ITZY 2024 台北演唱會》
2024-07-13,林志炫ONEtake2.0《我忘了我已老去》世界巡迴演唱會 台北安可場,2024/07/13《林志炫ONEtake2.0《我忘了我已老去》世界巡迴演唱會 台北安可場》
2024-07-06,2024CTC 世界盃國際標準舞公開賽,2024/07/06《2024CTC 世界盃國際標準舞公開賽》
2024-06-29,第35屆金曲獎頒獎典禮,2024/06/29《第35屆金曲獎頒獎典禮》
2024-06-21,2024 曾博恩x賀瓏 單口喜劇世界巡迴 《賀博台瘋》,2024/06/21、06/22《2024 曾博恩x賀瓏 單口喜劇世界巡迴 《賀博台瘋》》
2024-06-22,2024 曾博恩x賀瓏 單口喜劇世界巡迴 《賀博台瘋》,2024/06/21、06/22《2024 曾博恩x賀瓏 單口喜劇世界巡迴 《賀博台瘋》》
2024-05-31,TOYOTA張學友60+巡迴演唱會 台北站,2024/05/31-06/02、06/07-06/09(活動取消)、06/14-06/16《TOYOTA張學友60+巡迴演唱會 台北站》
2024-06-01,TOYOTA張學友60+巡迴演唱會 台北站,2024/05/31-06/02、06/07-06/09(活動取消)、06/14-06/16《TOYOTA張學友60+巡迴演唱會 台北站》
2024-06-02,TOYOTA張學友60+巡迴演唱會 台北站,2024/05/31-06/02、06/07-06/09(活動取消)、06/14-06/16《TOYOTA張學友60+巡迴演唱會 台北站》
2024-06-14,TOYOTA張學友60+巡迴演唱會 台北站,2024/05/31-06/02、06/07-06/09(活動取消)、06/14-06/16《TOYOTA張學友60+巡迴演唱會 台北站》
2024-06-15,TOYOTA張學友60+巡迴演唱會 台北站,2024/05/31-06/02、06/07-06/09(活動取消)、06/14-06/16《TOYOTA張學友60+巡迴演唱會 台北站》
2024-06-16,TOYOTA張學友60+巡迴演唱會 台北站,2024/05/31-06/02、06/07-06/09(活動取消)、06/14-06/16《TOYOTA張學友60+巡迴演唱會 台北站》
2024-05-25,2024 hito 流行音樂獎頒獎典禮,2024/05/25《2024 hito 流行音樂獎頒獎典禮》
2024-05-18,杜德偉《Get Up》世界巡迴演唱會 2024 台北站,2024/05/18《杜德偉《Get Up》世界巡迴演唱會 2024 台北站》
2024-05-05,弘揚母愛音樂會,2024/05/05《弘揚母愛音樂會》
2024-04-27,宇宙人《 α ：回到未來》 20 週年演唱會,2024/04/27《宇宙人《 α ：回到未來》 20 週年演唱會》
2024-04-20,113年全國中等學校運動會開幕典禮暨選手之夜,2024/04/20《113年全國中等學校運動會開幕典禮暨選手之夜》
2024-04-13,索夫波 呈獻 梁詠琪 時間遇上我們演唱會 台北站,2024/04/13《索夫波 呈獻 梁詠琪 時間遇上我們演唱會 台北站》
2024-04-06,2024 IU H.E.R. WORLD TOUR CONCERT IN TAIPEI,2024/04/06、04/07《2024 IU H.E.R. WORLD TOUR CONCERT IN TAIPEI》
2024-04-07,2024 IU H.E.R. WORLD TOUR CONCERT IN TAIPEI,2024/04/06、04/07《2024 IU H.E.R. WORLD TOUR CONCERT IN TAIPEI》
2024-03-30,2024舞王世界公開賽,2024/03/30《2024舞王世界公開賽》
2024-03-27,Calum Scott 2024 台北演唱會,2024/03/27《Calum Scott 2024 台北演唱會》
2024-03-22,112學年度富邦人壽UBA大專籃球聯賽決賽,2024/03/22、03/23、03/24《112學年度富邦人壽UBA大專籃球聯賽決賽》
2024-03-23,112學年度富邦人壽UBA大專籃球聯賽決賽,2024/03/22、03/23、03/24《112學年度富邦人壽UBA大專籃球聯賽決賽》
2024-03-24,112學年度富邦人壽UBA大專籃球聯賽決賽,2024/03/22、03/23、03/24《112學年度富邦人壽UBA大專籃球聯賽決賽》
2024-03-16,112學年度高中籃球甲級聯賽總決賽,2024/03/16、03/17《112學年度高中籃球甲級聯賽總決賽》
2024-03-17,112學年度高中籃球甲級聯賽總決賽,2024/03/16、03/17《112學年度高中籃球甲級聯賽總決賽》
2024-03-12,萬人靜心-遇見自己 創造美好,2024/03/12《萬人靜心-遇見自己 創造美好》
2024-03-09,Fragments of Wonder 鄭中基世界巡迴演唱會2024 台北站,2024/03/09、03/10《Fragments of Wonder 鄭中基世界巡迴演唱會2024 台北站》
2024-03-10,Fragments of Wonder 鄭中基世界巡迴演唱會2024 台北站,2024/03/09、03/10《Fragments of Wonder 鄭中基世界巡迴演唱會2024 台北站》
2024-02-28,2024 年 ISU 世界青年花式滑冰錦標賽,2024/02/28、02/29、03/01、03/02、03/03《2024 年 ISU 世界青年花式滑冰錦標賽》
2024-02-29,2024 年 ISU 世界青年花式滑冰錦標賽,2024/02/28、02/29、03/01、03/02、03/03《2024 年 ISU 世界青年花式滑冰錦標賽》
2024-03-01,2024 年 ISU 世界青年花式滑冰錦標賽,2024/02/28、02/29、03/01、03/02、03/03《2024 年 ISU 世界青年花式滑冰錦標賽》
2024-03-02,2024 年 ISU 世界青年花式滑冰錦標賽,2024/02/28、02/29、03/01、03/02、03/03《2024 年 ISU 世界青年花式滑冰錦標賽》
2024-03-03,2024 年 ISU 世界青年花式滑冰錦標賽,2024/02/28、02/29、03/01、03/02、03/03《2024 年 ISU 世界青年花式滑冰錦標賽》
2024-02-17,2024 民歌49高峰會 PRO升級版,2024/02/17《2024 民歌49高峰會 PRO升級版》
2024-02-12,美國冰上大馬戲團,2024/02/12、02/13、02/14《美國冰上大馬戲團》
2024-02-13,美國冰上大馬戲團,2024/02/12、02/13、02/14《美國冰上大馬戲團》
2024-02-14,美國冰上大馬戲團,2024/02/12、02/13、02/14《美國冰上大馬戲團》
2024-02-03,《安溥．時寐》巡迴演唱會 台北站,2024/02/03《《安溥．時寐》巡迴演唱會 台北站》
2024-01-27,2024超級巨星紅白藝能大賞,2024/01/27《2024超級巨星紅白藝能大賞》
2024-01-06,中華開發金控獨家冠名 法文版音樂劇《悲慘世界》音樂會,2024/01/06、01/07《中華開發金控獨家冠名 法文版音樂劇《悲慘世界》音樂會》
2024-01-07,中華開發金控獨家冠名 法文版音樂劇《悲慘世界》音樂會,2024/01/06、01/07《中華開發金控獨家冠名 法文版音樂劇《悲慘世界》音樂會》
2023-12-30,光影魔幻馬戲團,2023/12/30、12/31《光影魔幻馬戲團》
2023-12-31,光影魔幻馬戲團,2023/12/30、12/31《光影魔幻馬戲團》
2023-12-23,MC HotDog熱狗「髒藝術家」2023台北小巨蛋演唱會,2023/12/23、12/24《MC HotDog熱狗「髒藝術家」2023台北小巨蛋演唱會》
2023-12-24,MC HotDog熱狗「髒藝術家」2023台北小巨蛋演唱會,2023/12/23、12/24《MC HotDog熱狗「髒藝術家」2023台北小巨蛋演唱會》
2023-12-15,林宥嘉idol 2023世界巡迴演唱會 台北站,2023/12/15、12/16、12/17《林宥嘉idol 2023世界巡迴演唱會 台北站》
2023-12-16,林宥嘉idol 2023世界巡迴演唱會 台北站,2023/12/15、12/16、12/17《林宥嘉idol 2023世界巡迴演唱會 台北站》
2023-12-17,林宥嘉idol 2023世界巡迴演唱會 台北站,2023/12/15、12/16、12/17《林宥嘉idol 2023世界巡迴演唱會 台北站》
2023-12-09,2023火焰之舞Feet of Flames,2023/12/09、12/10《2023火焰之舞Feet of Flames》
2023-12-10,2023火焰之舞Feet of Flames,2023/12/09、12/10《2023火焰之舞Feet of Flames》
2023-11-30,冰上迪士尼-奇幻百年 精彩永恆,2023/11/30、12/01、12/02、12/03《冰上迪士尼-奇幻百年 精彩永恆》
2023-12-01,冰上迪士尼-奇幻百年 精彩永恆,2023/11/30、12/01、12/02、12/03《冰上迪士尼-奇幻百年 精彩永恆》
2023-12-02,冰上迪士尼-奇幻百年 精彩永恆,2023/11/30、12/01、12/02、12/03《冰上迪士尼-奇幻百年 精彩永恆》
2023-12-03,冰上迪士尼-奇幻百年 精彩永恆,2023/11/30、12/01、12/02、12/03《冰上迪士尼-奇幻百年 精彩永恆》
2023-11-25,九澤CP愛在你身邊LOVE GAME台北小巨蛋演唱會,2023/11/25《九澤CP愛在你身邊LOVE GAME台北小巨蛋演唱會》
2023-11-18,姜育恆「人生的路」演唱會,2023/11/18《姜育恆「人生的路」演唱會》
2023-11-11,韋禮安「如果可以，我想和你明天再見 again」 2023 小巨蛋演唱會,2023/11/11、11/12《韋禮安「如果可以，我想和你明天再見 again」 2023 小巨蛋演唱會》
2023-11-12,韋禮安「如果可以，我想和你明天再見 again」 2023 小巨蛋演唱會,2023/11/11、11/12《韋禮安「如果可以，我想和你明天再見 again」 2023 小巨蛋演唱會》
2023-11-04,Suzuki Swift 冠名贊助 2023 徐佳瑩「變得有些奢侈的事」巡迴演唱會,2023/11/04、11/05《Suzuki Swift 冠名贊助 2023 徐佳瑩「變得有些奢侈的事」巡迴演唱會》
2023-11-05,Suzuki Swift 冠名贊助 2023 徐佳瑩「變得有些奢侈的事」巡迴演唱會,2023/11/04、11/05《Suzuki Swift 冠名贊助 2023 徐佳瑩「變得有些奢侈的事」巡迴演唱會》
2023-10-28,2023年第八屆世界盃太極拳錦標賽,2023/10/28、10/29《2023年第八屆世界盃太極拳錦標賽》
2023-10-29,2023年第八屆世界盃太極拳錦標賽,2023/10/28、10/29《2023年第八屆世界盃太極拳錦標賽》
2023-10-20,無量義 法髓頌—經藏演繹 以善以愛照亮全球,2023/10/20、10/21、10/22《無量義 法髓頌—經藏演繹 以善以愛照亮全球》
2023-10-21,無量義 法髓頌—經藏演繹 以善以愛照亮全球,2023/10/20、10/21、10/22《無量義 法髓頌—經藏演繹 以善以愛照亮全球》
2023-10-22,無量義 法髓頌—經藏演繹 以善以愛照亮全球,2023/10/20、10/21、10/22《無量義 法髓頌—經藏演繹 以善以愛照亮全球》
2023-10-14,5566《2056》二十週年演唱會 台北安可場,2023/10/14《5566《2056》二十週年演唱會 台北安可場》
2023-10-09,Sam Smith Gloria 全球巡迴演唱會-台北站,2023/10/09《Sam Smith Gloria 全球巡迴演唱會-台北站》
2023-10-07,徐懷鈺 2023 倒數三秒小巨蛋演唱會,2023/10/07《徐懷鈺 2023 倒數三秒小巨蛋演唱會》
2023-09-30,盧廣仲 勵志的團圓 台北小巨蛋旗艦安可場,2023/09/30《盧廣仲 勵志的團圓 台北小巨蛋旗艦安可場》
2023-09-23,2023 輝葉按你 王心凌 SUGAR HIGH 世界巡迴演唱會 首站,2023/09/23、09/24《2023 輝葉按你 王心凌 SUGAR HIGH 世界巡迴演唱會 首站》
2023-09-24,2023 輝葉按你 王心凌 SUGAR HIGH 世界巡迴演唱會 首站,2023/09/23、09/24《2023 輝葉按你 王心凌 SUGAR HIGH 世界巡迴演唱會 首站》
2023-09-16,2023 SUPER STAR國民體育日－體育表演會,2023/09/16《2023 SUPER STAR國民體育日－體育表演會》
2023-09-09,ONE LEEHOM WANG「一個王力宏」2023 Live–台北站,2023/09/09、09/10《ONE LEEHOM WANG「一個王力宏」2023 Live–台北站》
2023-09-10,ONE LEEHOM WANG「一個王力宏」2023 Live–台北站,2023/09/09、09/10《ONE LEEHOM WANG「一個王力宏」2023 Live–台北站》
2023-08-05,田馥甄2023一一巡迴演唱會台北最終場,2023/08/05~08/06、08/11~08/13《田馥甄2023一一巡迴演唱會台北最終場》
2023-08-06,田馥甄2023一一巡迴演唱會台北最終場,2023/08/05~08/06、08/11~08/13《田馥甄2023一一巡迴演唱會台北最終場》
2023-08-11,田馥甄2023一一巡迴演唱會台北最終場,2023/08/05~08/06、08/11~08/13《田馥甄2023一一巡迴演唱會台北最終場》
2023-08-12,田馥甄2023一一巡迴演唱會台北最終場,2023/08/05~08/06、08/11~08/13《田馥甄2023一一巡迴演唱會台北最終場》
2023-08-13,田馥甄2023一一巡迴演唱會台北最終場,2023/08/05~08/06、08/11~08/13《田馥甄2023一一巡迴演唱會台北最終場》
2023-07-29,2023 羅志祥演唱會 EVOLUTION 台北站,2023/07/29、07/30《2023 羅志祥演唱會 EVOLUTION 台北站》
2023-07-30,2023 羅志祥演唱會 EVOLUTION 台北站,2023/07/29、07/30《2023 羅志祥演唱會 EVOLUTION 台北站》
2023-07-15,陳奕迅FEAR AND DREAMS 世界巡迴演唱會 - 台北站,2023/07/15、07/16、07/18、07/19、07/21、07/22、07/23《陳奕迅FEAR AND DREAMS 世界巡迴演唱會 - 台北站》
2023-07-16,陳奕迅FEAR AND DREAMS 世界巡迴演唱會 - 台北站,2023/07/15、07/16、07/18、07/19、07/21、07/22、07/23《陳奕迅FEAR AND DREAMS 世界巡迴演唱會 - 台北站》
2023-07-18,陳奕迅FEAR AND DREAMS 世界巡迴演唱會 - 台北站,2023/07/15、07/16、07/18、07/19、07/21、07/22、07/23《陳奕迅FEAR AND DREAMS 世界巡迴演唱會 - 台北站》
2023-07-19,陳奕迅FEAR AND DREAMS 世界巡迴演唱會 - 台北站,2023/07/15、07/16、07/18、07/19、07/21、07/22、07/23《陳奕迅FEAR AND DREAMS 世界巡迴演唱會 - 台北站》
2023-07-21,陳奕迅FEAR AND DREAMS 世界巡迴演唱會 - 台北站,2023/07/15、07/16、07/18、07/19、07/21、07/22、07/23《陳奕迅FEAR AND DREAMS 世界巡迴演唱會 - 台北站》
2023-07-22,陳奕迅FEAR AND DREAMS 世界巡迴演唱會 - 台北站,2023/07/15、07/16、07/18、07/19、07/21、07/22、07/23《陳奕迅FEAR AND DREAMS 世界巡迴演唱會 - 台北站》
2023-07-23,陳奕迅FEAR AND DREAMS 世界巡迴演唱會 - 台北站,2023/07/15、07/16、07/18、07/19、07/21、07/22、07/23《陳奕迅FEAR AND DREAMS 世界巡迴演唱會 - 台北站》
2023-07-08,2023CTC 世界盃國際標準舞公開賽,2023/07/08《2023CTC 世界盃國際標準舞公開賽》
2023-07-05,拳上 2023 終於之戰,2023/07/05《拳上 2023 終於之戰》
2023-07-01,第34屆金曲獎頒獎典禮,2023/07/01《第34屆金曲獎頒獎典禮》
2023-06-24,TAEYEON CONCERT - The ODD Of LOVE in TAIPEI,2023/06/24《TAEYEON CONCERT - The ODD Of LOVE in TAIPEI》
2023-06-17,楊丞琳LIKE A STAR世界巡迴演唱會 台北站,2023/06/17、06/18《楊丞琳LIKE A STAR世界巡迴演唱會 台北站》
2023-06-18,楊丞琳LIKE A STAR世界巡迴演唱會 台北站,2023/06/17、06/18《楊丞琳LIKE A STAR世界巡迴演唱會 台北站》
2023-06-10,富邦金控 台灣大哥大 張清芳 Stella 《TimeLESS》演唱會 2023,2023/06/10、06/11《富邦金控 台灣大哥大 張清芳 Stella 《TimeLESS》演唱會 2023》
2023-06-11,富邦金控 台灣大哥大 張清芳 Stella 《TimeLESS》演唱會 2023,2023/06/10、06/11《富邦金控 台灣大哥大 張清芳 Stella 《TimeLESS》演唱會 2023》
2023-06-03,2023 hito流行音樂獎頒獎典禮,2023/06/03《2023 hito流行音樂獎頒獎典禮》
2023-05-27,2023 曾博恩世界巡迴《破蛋者》BALLBREAKER,2023/05/27《2023 曾博恩世界巡迴《破蛋者》BALLBREAKER》
2023-05-21,2023 iKON WORLD TOUR TAKE OFF in TAIPEI,2023/05/21《2023 iKON WORLD TOUR TAKE OFF in TAIPEI》
2023-05-20,林志炫ONEtake2.0《我忘了我已老去》世界巡迴演唱會,2023/05/20《林志炫ONEtake2.0《我忘了我已老去》世界巡迴演唱會》
2023-05-13,2023 魏如萱 waa wei〔HAVE A NICE :DAY 2 YOU〕演唱會,2023/05/13、05/14《2023 魏如萱 waa wei〔HAVE A NICE :DAY 2 YOU〕演唱會》
2023-05-14,2023 魏如萱 waa wei〔HAVE A NICE :DAY 2 YOU〕演唱會,2023/05/13、05/14《2023 魏如萱 waa wei〔HAVE A NICE :DAY 2 YOU〕演唱會》
2023-05-06,Tanya 蔡健雅 『Let’s Depart ！給世界最悠長的吻』演唱會,2023/05/06、05/07《Tanya 蔡健雅 『Let’s Depart ！給世界最悠長的吻』演唱會》
2023-05-07,Tanya 蔡健雅 『Let’s Depart ！給世界最悠長的吻』演唱會,2023/05/06、05/07《Tanya 蔡健雅 『Let’s Depart ！給世界最悠長的吻』演唱會》
2023-04-30,2023臺北母娘文化季弘揚母愛音樂會,2023/04/30《2023臺北母娘文化季弘揚母愛音樂會》
2023-04-22,全球人壽 動力火車 都是因為愛 世界巡迴演唱會 台北安可場,2023/04/22、04/23《全球人壽 動力火車 都是因為愛 世界巡迴演唱會 台北安可場》
2023-04-23,全球人壽 動力火車 都是因為愛 世界巡迴演唱會 台北安可場,2023/04/22、04/23《全球人壽 動力火車 都是因為愛 世界巡迴演唱會 台北安可場》
2023-04-15,2023 玖壹壹 台北小巨蛋演唱會,2023/04/15《2023 玖壹壹 台北小巨蛋演唱會》
2023-04-08,ACCUSEFIVE 1st Live Tour 告五人第一次新世界巡迴演唱會 【 宇宙的有趣 】 AROUND THE NEW WORLD,2023/04/08~04/09《ACCUSEFIVE 1st Live Tour 告五人第一次新世界巡迴演唱會 【 宇宙的有趣 】 AROUND THE NEW WORLD》
2023-04-09,ACCUSEFIVE 1st Live Tour 告五人第一次新世界巡迴演唱會 【 宇宙的有趣 】 AROUND THE NEW WORLD,2023/04/08~04/09《ACCUSEFIVE 1st Live Tour 告五人第一次新世界巡迴演唱會 【 宇宙的有趣 】 AROUND THE NEW WORLD》
2023-04-01,黃明志大飛機世界巡迴演唱會 台北站,2023/04/01《黃明志大飛機世界巡迴演唱會 台北站》
2023-03-24,111學年度富邦人壽UBA大專籃球聯賽決賽,2023/03/24、03/25、03/26《111學年度富邦人壽UBA大專籃球聯賽決賽》
2023-03-25,111學年度富邦人壽UBA大專籃球聯賽決賽,2023/03/24、03/25、03/26《111學年度富邦人壽UBA大專籃球聯賽決賽》
2023-03-26,111學年度富邦人壽UBA大專籃球聯賽決賽,2023/03/24、03/25、03/26《111學年度富邦人壽UBA大專籃球聯賽決賽》
2023-03-18,RE:GRASSHOPPER草蜢巡迴演唱會首站 台北站,2023/03/18《RE:GRASSHOPPER草蜢巡迴演唱會首站 台北站》
2023-03-11,111學年度高中籃球聯賽甲級總決賽,2023/03/11、03/12《111學年度高中籃球聯賽甲級總決賽》
2023-03-12,111學年度高中籃球聯賽甲級總決賽,2023/03/11、03/12《111學年度高中籃球聯賽甲級總決賽》
2023-03-05,OneRepublic共和世代2023台北演唱會,2023/03/05《OneRepublic共和世代2023台北演唱會》
2023-02-28,2023國標舞亞巡賽-臺北公開賽,2023/02/28《2023國標舞亞巡賽-臺北公開賽》
2023-02-25,張信哲未來式2.0世界巡迴演唱會,2023/02/25《張信哲未來式2.0世界巡迴演唱會》
2023-02-18,魚丁糸《池堂影夜》演唱會,2023/02/18、02/19《魚丁糸《池堂影夜》演唱會》
2023-02-19,魚丁糸《池堂影夜》演唱會,2023/02/18、02/19《魚丁糸《池堂影夜》演唱會》
2023-02-03,美國驚奇大馬戲團,2023/02/03~02/05《美國驚奇大馬戲團》
2023-02-04,美國驚奇大馬戲團,2023/02/03~02/05《美國驚奇大馬戲團》
2023-02-05,美國驚奇大馬戲團,2023/02/03~02/05《美國驚奇大馬戲團》
2023-01-22,極限震撼,2023/01/22~2023/01/25、2023/01/27~2023/01/29《極限震撼》
2023-01-23,極限震撼,2023/01/22~2023/01/25、2023/01/27~2023/01/29《極限震撼》
2023-01-24,極限震撼,2023/01/22~2023/01/25、2023/01/27~2023/01/29《極限震撼》
2023-01-25,極限震撼,2023/01/22~2023/01/25、2023/01/27~2023/01/29《極限震撼》
2023-01-27,極限震撼,2023/01/22~2023/01/25、2023/01/27~2023/01/29《極限震撼》
2023-01-28,極限震撼,2023/01/22~2023/01/25、2023/01/27~2023/01/29《極限震撼》
2023-01-29,極限震撼,2023/01/22~2023/01/25、2023/01/27~2023/01/29《極限震撼》
2023-01-14,2023 超級巨星紅白藝能大賞,2023/01/14《2023 超級巨星紅白藝能大賞》
2022-12-31,蔡依林 Ugly Beauty 2022-2023,2022/12/31、2023/1/1、1/2、1/6、1/7、1/8《蔡依林 Ugly Beauty 2022-2023》
2023-01-01,蔡依林 Ugly Beauty 2022-2023,2022/12/31、2023/1/1、1/2、1/6、1/7、1/8《蔡依林 Ugly Beauty 2022-2023》
2023-01-02,蔡依林 Ugly Beauty 2022-2023,2022/12/31、2023/1/1、1/2、1/6、1/7、1/8《蔡依林 Ugly Beauty 2022-2023》
2023-01-06,蔡依林 Ugly Beauty 2022-2023,2022/12/31、2023/1/1、1/2、1/6、1/7、1/8《蔡依林 Ugly Beauty 2022-2023》
2023-01-07,蔡依林 Ugly Beauty 2022-2023,2022/12/31、2023/1/1、1/2、1/6、1/7、1/8《蔡依林 Ugly Beauty 2022-2023》
2023-01-08,蔡依林 Ugly Beauty 2022-2023,2022/12/31、2023/1/1、1/2、1/6、1/7、1/8《蔡依林 Ugly Beauty 2022-2023》
2022-12-24,安溥2022 to ebb 潮水箴言演唱會,2022/12/24~12/25《安溥2022 to ebb 潮水箴言演唱會》
2022-12-25,安溥2022 to ebb 潮水箴言演唱會,2022/12/24~12/25《安溥2022 to ebb 潮水箴言演唱會》
2022-12-18,啦啦隊女神 Hot Show,2022/12/18《啦啦隊女神 Hot Show》
2022-12-17,莎拉‧布萊曼聖誕派對演唱會,2022/12/17《莎拉‧布萊曼聖誕派對演唱會》
2022-12-11,密教的宇宙人生觀及曼陀羅藝術,2022/12/11《密教的宇宙人生觀及曼陀羅藝術》
2022-12-10,洪榮宏 2022阿宏的心聲 台北小巨蛋演唱會,2022/12/10《洪榮宏 2022阿宏的心聲 台北小巨蛋演唱會》
2022-12-03,盧廣仲 14 週年 勵志的早晨 勵志的夜晚 台北小巨蛋演唱會,2022/12/03《盧廣仲 14 週年 勵志的早晨 勵志的夜晚 台北小巨蛋演唱會》
2022-11-25,"SUPER JUNIOR WORLD TOUR - ""SUPER SHOW 9: ROAD""– in TAIPEI","2022/11/25~11/27《SUPER JUNIOR WORLD TOUR - ""SUPER SHOW 9: ROAD""– in TAIPEI》"
2022-11-26,"SUPER JUNIOR WORLD TOUR - ""SUPER SHOW 9: ROAD""– in TAIPEI","2022/11/25~11/27《SUPER JUNIOR WORLD TOUR - ""SUPER SHOW 9: ROAD""– in TAIPEI》"
2022-11-27,"SUPER JUNIOR WORLD TOUR - ""SUPER SHOW 9: ROAD""– in TAIPEI","2022/11/25~11/27《SUPER JUNIOR WORLD TOUR - ""SUPER SHOW 9: ROAD""– in TAIPEI》"
2022-11-19,周湯豪REALIVE 台北小巨蛋演唱會,2022/11/19~11/20《周湯豪REALIVE 台北小巨蛋演唱會》
2022-11-20,周湯豪REALIVE 台北小巨蛋演唱會,2022/11/19~11/20《周湯豪REALIVE 台北小巨蛋演唱會》
2022-11-12,萬芳30你的30，_______你今天有沒有來,2022/11/12《萬芳30你的30，_______你今天有沒有來》
2022-10-29,仙角百老匯10-永生之謎搜查隊,2022/10/29《仙角百老匯10-永生之謎搜查隊》
2022-10-15,Champion Star星光籃球對抗賽,2022/10/15《Champion Star星光籃球對抗賽》
2022-10-08,劉若英 [ 飛行日 ] 2022 巡迴演唱會,2022/10/08《劉若英 [ 飛行日 ] 2022 巡迴演唱會》
2022-09-17,2022 SUPERSTAR國民體育日-體育表演會,2022/09/17《2022 SUPERSTAR國民體育日-體育表演會》
2022-10-21,周興哲〔Odyssey~旅程〕- 台北小巨蛋 演唱會 -,2022/10/21~10/23《周興哲〔Odyssey~旅程〕- 台北小巨蛋 演唱會 -》
2022-10-22,周興哲〔Odyssey~旅程〕- 台北小巨蛋 演唱會 -,2022/10/21~10/23《周興哲〔Odyssey~旅程〕- 台北小巨蛋 演唱會 -》
2022-10-23,周興哲〔Odyssey~旅程〕- 台北小巨蛋 演唱會 -,2022/10/21~10/23《周興哲〔Odyssey~旅程〕- 台北小巨蛋 演唱會 -》
2022-10-12,臥虎藏龍電影音樂會,2022/10/12《臥虎藏龍電影音樂會》
2022-10-01,彭佳慧2022 [怎 樣 Julia / Run Wild ] 巡迴演唱會,2022/10/01《彭佳慧2022 [怎 樣 Julia / Run Wild ] 巡迴演唱會》
2022-09-03,輝葉追夢大使 徐若瑄 VIVILAND巡迴演唱會,2022/09/03《輝葉追夢大使 徐若瑄 VIVILAND巡迴演唱會》
2022-08-12,瘦子 E.SO 2022 地囚人 台北小巨蛋演唱會,2022/08/12~08/14《瘦子 E.SO 2022 地囚人 台北小巨蛋演唱會》
2022-08-13,瘦子 E.SO 2022 地囚人 台北小巨蛋演唱會,2022/08/12~08/14《瘦子 E.SO 2022 地囚人 台北小巨蛋演唱會》
2022-08-14,瘦子 E.SO 2022 地囚人 台北小巨蛋演唱會,2022/08/12~08/14《瘦子 E.SO 2022 地囚人 台北小巨蛋演唱會》
2022-07-16,A-Lin 2022演唱會 🔗A-Link with Passengers🔗,2022/07/16~07/17《A-Lin 2022演唱會 🔗A-Link with Passengers🔗》
2022-07-17,A-Lin 2022演唱會 🔗A-Link with Passengers🔗,2022/07/16~07/17《A-Lin 2022演唱會 🔗A-Link with Passengers🔗》
2022-08-20,全球人壽 八三夭〔顛倒世界〕巡迴演唱會 台北首站,2022/08/20~08/21《全球人壽 八三夭〔顛倒世界〕巡迴演唱會 台北首站》
2022-08-21,全球人壽 八三夭〔顛倒世界〕巡迴演唱會 台北首站,2022/08/20~08/21《全球人壽 八三夭〔顛倒世界〕巡迴演唱會 台北首站》
2022-09-10,韋禮安「如果可以，我想和你明天再見」小巨蛋演唱會,2022/09/10~09/11《韋禮安「如果可以，我想和你明天再見」小巨蛋演唱會》
2022-09-11,韋禮安「如果可以，我想和你明天再見」小巨蛋演唱會,2022/09/10~09/11《韋禮安「如果可以，我想和你明天再見」小巨蛋演唱會》
2022-07-09,2022 羅志祥演唱會,2022/07/09《2022 羅志祥演唱會》
2022-08-27,電影配樂大師約翰‧威廉斯之夜,2022/08/27《電影配樂大師約翰‧威廉斯之夜》
2022-08-28,2022夏日民歌嘉年華,2022/08/28《2022夏日民歌嘉年華》
2022-05-28,2022 HITO流行音樂獎頒獎典禮,2022/05/28《2022 HITO流行音樂獎頒獎典禮》
2022-06-11,百老匯音樂劇《獅子王》The Lion King,2022/06/11~06/12、06/14~06/19、06/21~06/26《百老匯音樂劇《獅子王》The Lion King》
2022-06-12,百老匯音樂劇《獅子王》The Lion King,2022/06/11~06/12、06/14~06/19、06/21~06/26《百老匯音樂劇《獅子王》The Lion King》
2022-06-14,百老匯音樂劇《獅子王》The Lion King,2022/06/11~06/12、06/14~06/19、06/21~06/26《百老匯音樂劇《獅子王》The Lion King》
2022-06-15,百老匯音樂劇《獅子王》The Lion King,2022/06/11~06/12、06/14~06/19、06/21~06/26《百老匯音樂劇《獅子王》The Lion King》
2022-06-16,百老匯音樂劇《獅子王》The Lion King,2022/06/11~06/12、06/14~06/19、06/21~06/26《百老匯音樂劇《獅子王》The Lion King》
2022-06-17,百老匯音樂劇《獅子王》The Lion King,2022/06/11~06/12、06/14~06/19、06/21~06/26《百老匯音樂劇《獅子王》The Lion King》
2022-06-18,百老匯音樂劇《獅子王》The Lion King,2022/06/11~06/12、06/14~06/19、06/21~06/26《百老匯音樂劇《獅子王》The Lion King》
2022-06-19,百老匯音樂劇《獅子王》The Lion King,2022/06/11~06/12、06/14~06/19、06/21~06/26《百老匯音樂劇《獅子王》The Lion King》
2022-06-21,百老匯音樂劇《獅子王》The Lion King,2022/06/11~06/12、06/14~06/19、06/21~06/26《百老匯音樂劇《獅子王》The Lion King》
2022-06-22,百老匯音樂劇《獅子王》The Lion King,2022/06/11~06/12、06/14~06/19、06/21~06/26《百老匯音樂劇《獅子王》The Lion King》
2022-06-23,百老匯音樂劇《獅子王》The Lion King,2022/06/11~06/12、06/14~06/19、06/21~06/26《百老匯音樂劇《獅子王》The Lion King》
2022-06-24,百老匯音樂劇《獅子王》The Lion King,2022/06/11~06/12、06/14~06/19、06/21~06/26《百老匯音樂劇《獅子王》The Lion King》
2022-06-25,百老匯音樂劇《獅子王》The Lion King,2022/06/11~06/12、06/14~06/19、06/21~06/26《百老匯音樂劇《獅子王》The Lion King》
2022-06-26,百老匯音樂劇《獅子王》The Lion King,2022/06/11~06/12、06/14~06/19、06/21~06/26《百老匯音樂劇《獅子王》The Lion King》
2022-03-19,110學年度富邦人壽UBA大專籃球聯賽 一級決賽,2022/03/19~03/20《110學年度富邦人壽UBA大專籃球聯賽 一級決賽》
2022-03-20,110學年度富邦人壽UBA大專籃球聯賽 一級決賽,2022/03/19~03/20《110學年度富邦人壽UBA大專籃球聯賽 一級決賽》
2022-08-06,五堅情Moon Landing 月面著陸台北小巨蛋演唱會,2022/08/06~08/07《五堅情Moon Landing 月面著陸台北小巨蛋演唱會》
2022-08-07,五堅情Moon Landing 月面著陸台北小巨蛋演唱會,2022/08/06~08/07《五堅情Moon Landing 月面著陸台北小巨蛋演唱會》
2022-03-12,110學年度高中籃球甲級聯賽總決賽,2022/03/12~03/13《110學年度高中籃球甲級聯賽總決賽》
2022-03-13,110學年度高中籃球甲級聯賽總決賽,2022/03/12~03/13《110學年度高中籃球甲級聯賽總決賽》
2022-03-05,動力火車 都是因為愛 世界巡迴演唱會 台北旗艦場,2022/03/05《動力火車 都是因為愛 世界巡迴演唱會 台北旗艦場》
2022-04-01,全球人壽 aMEI ASMR世界巡迴演唱會,2022/04/01~04/03、04/05~04/06、04/08~04/10、04/12~04/13、04/15~04/16《全球人壽 aMEI ASMR世界巡迴演唱會》
2022-04-02,全球人壽 aMEI ASMR世界巡迴演唱會,2022/04/01~04/03、04/05~04/06、04/08~04/10、04/12~04/13、04/15~04/16《全球人壽 aMEI ASMR世界巡迴演唱會》
2022-04-03,全球人壽 aMEI ASMR世界巡迴演唱會,2022/04/01~04/03、04/05~04/06、04/08~04/10、04/12~04/13、04/15~04/16《全球人壽 aMEI ASMR世界巡迴演唱會》
2022-04-05,全球人壽 aMEI ASMR世界巡迴演唱會,2022/04/01~04/03、04/05~04/06、04/08~04/10、04/12~04/13、04/15~04/16《全球人壽 aMEI ASMR世界巡迴演唱會》
2022-04-06,全球人壽 aMEI ASMR世界巡迴演唱會,2022/04/01~04/03、04/05~04/06、04/08~04/10、04/12~04/13、04/15~04/16《全球人壽 aMEI ASMR世界巡迴演唱會》
2022-04-08,全球人壽 aMEI ASMR世界巡迴演唱會,2022/04/01~04/03、04/05~04/06、04/08~04/10、04/12~04/13、04/15~04/16《全球人壽 aMEI ASMR世界巡迴演唱會》
2022-04-09,全球人壽 aMEI ASMR世界巡迴演唱會,2022/04/01~04/03、04/05~04/06、04/08~04/10、04/12~04/13、04/15~04/16《全球人壽 aMEI ASMR世界巡迴演唱會》
2022-04-10,全球人壽 aMEI ASMR世界巡迴演唱會,2022/04/01~04/03、04/05~04/06、04/08~04/10、04/12~04/13、04/15~04/16《全球人壽 aMEI ASMR世界巡迴演唱會》
2022-04-12,全球人壽 aMEI ASMR世界巡迴演唱會,2022/04/01~04/03、04/05~04/06、04/08~04/10、04/12~04/13、04/15~04/16《全球人壽 aMEI ASMR世界巡迴演唱會》
2022-04-13,全球人壽 aMEI ASMR世界巡迴演唱會,2022/04/01~04/03、04/05~04/06、04/08~04/10、04/12~04/13、04/15~04/16《全球人壽 aMEI ASMR世界巡迴演唱會》
2022-04-15,全球人壽 aMEI ASMR世界巡迴演唱會,2022/04/01~04/03、04/05~04/06、04/08~04/10、04/12~04/13、04/15~04/16《全球人壽 aMEI ASMR世界巡迴演唱會》
2022-04-16,全球人壽 aMEI ASMR世界巡迴演唱會,2022/04/01~04/03、04/05~04/06、04/08~04/10、04/12~04/13、04/15~04/16《全球人壽 aMEI ASMR世界巡迴演唱會》
2022-01-08,2022超級巨星紅白藝能大賞,2022/01/08《2022超級巨星紅白藝能大賞》
2022-01-22,跨鏈科技「全明星運動會 巨蛋熱血演唱會」,2022/01/22《跨鏈科技「全明星運動會 巨蛋熱血演唱會」》
2022-02-19,魚丁糸《池堂影夜》演唱會,2022/02/19~02/20《魚丁糸《池堂影夜》演唱會》
2022-02-20,魚丁糸《池堂影夜》演唱會,2022/02/19~02/20《魚丁糸《池堂影夜》演唱會》
2022-01-28,凹嗚狼人殺總冠軍 台北小巨蛋演唱會,2022/01/28《凹嗚狼人殺總冠軍 台北小巨蛋演唱會》
2021-11-27,第十三屆《聽咱的歌、看咱的影》台灣經典電視電影演唱會,2021/11/27《第十三屆《聽咱的歌、看咱的影》台灣經典電視電影演唱會》
2021-12-17,李宗盛 2021《有歌之年》演唱會 - 台北站,2021/12/17、12/19《李宗盛 2021《有歌之年》演唱會 - 台北站》
2021-12-19,李宗盛 2021《有歌之年》演唱會 - 台北站,2021/12/17、12/19《李宗盛 2021《有歌之年》演唱會 - 台北站》
2022-01-02,全明星籃球表演賽,2022/01/02《全明星籃球表演賽》
2021-11-10,2021雙11 PChome來了演唱會,2021/11/10《2021雙11 PChome來了演唱會》
2022-07-30,大同氣密窗 陶晶瑩【MOMAN】台北小巨蛋演唱會,2022/07/30《大同氣密窗 陶晶瑩【MOMAN】台北小巨蛋演唱會》
2021-12-25,一起逃開吧！詹雅雯小巨蛋大跨越演唱會,2021/12/25《一起逃開吧！詹雅雯小巨蛋大跨越演唱會》
2022-02-05,2022火焰之舞,2022/02/05~02/06《2022火焰之舞》
2022-02-06,2022火焰之舞,2022/02/05~02/06《2022火焰之舞》
2022-01-01,民歌高峰會 2022 台北小巨蛋,2022/01/01《民歌高峰會 2022 台北小巨蛋》
2021-12-11,魏如萱waa wei〔HAVE A NICE :DAY〕巡迴演唱會 台北小巨蛋,2021/12/11~12/12《魏如萱waa wei〔HAVE A NICE :DAY〕巡迴演唱會 台北小巨蛋》
2021-12-12,魏如萱waa wei〔HAVE A NICE :DAY〕巡迴演唱會 台北小巨蛋,2021/12/11~12/12《魏如萱waa wei〔HAVE A NICE :DAY〕巡迴演唱會 台北小巨蛋》
2021-12-04,許富凱 拾歌 台北小巨蛋演唱會,2021/12/04《許富凱 拾歌 台北小巨蛋演唱會》
2022-09-24,伍佰 & China Blue Rock Star演唱會-台北站,2022/09/24-09/25《伍佰 & China Blue Rock Star演唱會-台北站》
2022-09-25,伍佰 & China Blue Rock Star演唱會-台北站,2022/09/24-09/25《伍佰 & China Blue Rock Star演唱會-台北站》
2022-02-10,全本音樂劇「貓」CATS,2022/02/10~02/13《全本音樂劇「貓」CATS》
2022-02-11,全本音樂劇「貓」CATS,2022/02/10~02/13《全本音樂劇「貓」CATS》
2022-02-12,全本音樂劇「貓」CATS,2022/02/10~02/13《全本音樂劇「貓」CATS》
2022-02-13,全本音樂劇「貓」CATS,2022/02/10~02/13《全本音樂劇「貓」CATS》
2021-05-02,2021臺北母娘文化季弘揚母愛音樂會,2021/05/02《2021臺北母娘文化季弘揚母愛音樂會》
2021-04-21,蔡依林 Ugly Beauty 2021 世界巡迴演唱會 台北加演場,2021/04/21~04/22、04/24~04/26《蔡依林 Ugly Beauty 2021 世界巡迴演唱會 台北加演場》
2021-04-22,蔡依林 Ugly Beauty 2021 世界巡迴演唱會 台北加演場,2021/04/21~04/22、04/24~04/26《蔡依林 Ugly Beauty 2021 世界巡迴演唱會 台北加演場》
2021-04-24,蔡依林 Ugly Beauty 2021 世界巡迴演唱會 台北加演場,2021/04/21~04/22、04/24~04/26《蔡依林 Ugly Beauty 2021 世界巡迴演唱會 台北加演場》
2021-04-25,蔡依林 Ugly Beauty 2021 世界巡迴演唱會 台北加演場,2021/04/21~04/22、04/24~04/26《蔡依林 Ugly Beauty 2021 世界巡迴演唱會 台北加演場》
2021-04-26,蔡依林 Ugly Beauty 2021 世界巡迴演唱會 台北加演場,2021/04/21~04/22、04/24~04/26《蔡依林 Ugly Beauty 2021 世界巡迴演唱會 台北加演場》
2021-03-20,109學年度富邦人壽UBA大專籃球聯賽 一級決賽,2021/03/20~03/21《109學年度富邦人壽UBA大專籃球聯賽 一級決賽》
2021-03-21,109學年度富邦人壽UBA大專籃球聯賽 一級決賽,2021/03/20~03/21《109學年度富邦人壽UBA大專籃球聯賽 一級決賽》
2021-03-06,109學年度高中籃球甲級聯賽總決賽,2021/03/06~03/07《109學年度高中籃球甲級聯賽總決賽》
2021-03-07,109學年度高中籃球甲級聯賽總決賽,2021/03/06~03/07《109學年度高中籃球甲級聯賽總決賽》
2021-05-07,美國大馬戲團,2021/05/07~05/09《美國大馬戲團》
2021-05-08,美國大馬戲團,2021/05/07~05/09《美國大馬戲團》
2021-05-09,美國大馬戲團,2021/05/07~05/09《美國大馬戲團》
2021-04-10,周華健 少年俠客 世界巡迴演唱會,2021/04/10《周華健 少年俠客 世界巡迴演唱會》
2021-01-23,2021超級巨星紅白藝能大賞,2021/01/23《2021超級巨星紅白藝能大賞》
2021-01-30,TANYA 蔡健雅〈給世界最悠長的吻〉2021巡迴演唱會,2021/01/30《TANYA 蔡健雅〈給世界最悠長的吻〉2021巡迴演唱會》
2021-01-03,全明星運動會 巨蛋旗艦演唱會,2021/01/03《全明星運動會 巨蛋旗艦演唱會》
2020-12-26,202020 當我們談論愛情 - 梁靜茹世界巡迴演唱會-台北站,2020/12/26~12/27《202020 當我們談論愛情 - 梁靜茹世界巡迴演唱會-台北站》
2020-12-27,202020 當我們談論愛情 - 梁靜茹世界巡迴演唱會-台北站,2020/12/26~12/27《202020 當我們談論愛情 - 梁靜茹世界巡迴演唱會-台北站》
2021-01-16,謝金燕2021TURN口罩 世界巡迴演唱會,2021/01/16《謝金燕2021TURN口罩 世界巡迴演唱會》
2021-01-02,王心凌Cyndiloves2sing愛‧心凌巡迴演唱會 2021旗艦版,2021/01/02《王心凌Cyndiloves2sing愛‧心凌巡迴演唱會 2021旗艦版》
2020-10-31,仙角百老匯9-食神接班人,2020/10/31《仙角百老匯9-食神接班人》
2020-09-19,國民體育日-2020super star體育表演會活動,2020/09/19《國民體育日-2020super star體育表演會活動》
2020-11-06,2020楊丞琳 LIKE A STAR 世界巡迴演唱會,2020/11/06~11/08《2020楊丞琳 LIKE A STAR 世界巡迴演唱會》
2020-11-07,2020楊丞琳 LIKE A STAR 世界巡迴演唱會,2020/11/06~11/08《2020楊丞琳 LIKE A STAR 世界巡迴演唱會》
2020-11-08,2020楊丞琳 LIKE A STAR 世界巡迴演唱會,2020/11/06~11/08《2020楊丞琳 LIKE A STAR 世界巡迴演唱會》
2020-12-12,2020火焰之舞,2020/12/12~12/13《2020火焰之舞》
2020-12-13,2020火焰之舞,2020/12/12~12/13《2020火焰之舞》
2020-08-22,超犀利趴11,2020/08/22~08/23《超犀利趴11》
2020-08-23,超犀利趴11,2020/08/22~08/23《超犀利趴11》
2020-08-15,PChome狂禮88 小巨蛋演唱會,2020/08/15《PChome狂禮88 小巨蛋演唱會》
2020-08-08,周興哲「你，好不好」巡迴演唱會 Deluxe,2020/08/08~08/09《周興哲「你，好不好」巡迴演唱會 Deluxe》
2020-08-09,周興哲「你，好不好」巡迴演唱會 Deluxe,2020/08/08~08/09《周興哲「你，好不好」巡迴演唱會 Deluxe》
2020-09-13,民歌45高峰會 巨蛋感恩場,2020/09/13《民歌45高峰會 巨蛋感恩場》
2020-09-12,2020詹雅雯30周年 巡迴演唱會-台北感恩加場,2020/09/12《2020詹雅雯30周年 巡迴演唱會-台北感恩加場》
2020-09-25,全球人壽 田馥甄一一巡迴演唱會,2020/09/25~09/28《全球人壽 田馥甄一一巡迴演唱會》
2020-09-26,全球人壽 田馥甄一一巡迴演唱會,2020/09/25~09/28《全球人壽 田馥甄一一巡迴演唱會》
2020-09-27,全球人壽 田馥甄一一巡迴演唱會,2020/09/25~09/28《全球人壽 田馥甄一一巡迴演唱會》
2020-09-28,全球人壽 田馥甄一一巡迴演唱會,2020/09/25~09/28《全球人壽 田馥甄一一巡迴演唱會》
2020-11-19,全本音樂劇-歌劇魅影,2020/11/19~11/22、11/24~11/29、12/01~12/06《全本音樂劇-歌劇魅影》
2020-11-20,全本音樂劇-歌劇魅影,2020/11/19~11/22、11/24~11/29、12/01~12/06《全本音樂劇-歌劇魅影》
2020-11-21,全本音樂劇-歌劇魅影,2020/11/19~11/22、11/24~11/29、12/01~12/06《全本音樂劇-歌劇魅影》
2020-11-22,全本音樂劇-歌劇魅影,2020/11/19~11/22、11/24~11/29、12/01~12/06《全本音樂劇-歌劇魅影》
2020-11-24,全本音樂劇-歌劇魅影,2020/11/19~11/22、11/24~11/29、12/01~12/06《全本音樂劇-歌劇魅影》
2020-11-25,全本音樂劇-歌劇魅影,2020/11/19~11/22、11/24~11/29、12/01~12/06《全本音樂劇-歌劇魅影》
2020-11-26,全本音樂劇-歌劇魅影,2020/11/19~11/22、11/24~11/29、12/01~12/06《全本音樂劇-歌劇魅影》
2020-11-27,全本音樂劇-歌劇魅影,2020/11/19~11/22、11/24~11/29、12/01~12/06《全本音樂劇-歌劇魅影》
2020-11-28,全本音樂劇-歌劇魅影,2020/11/19~11/22、11/24~11/29、12/01~12/06《全本音樂劇-歌劇魅影》
2020-11-29,全本音樂劇-歌劇魅影,2020/11/19~11/22、11/24~11/29、12/01~12/06《全本音樂劇-歌劇魅影》
2020-12-01,全本音樂劇-歌劇魅影,2020/11/19~11/22、11/24~11/29、12/01~12/06《全本音樂劇-歌劇魅影》
2020-12-02,全本音樂劇-歌劇魅影,2020/11/19~11/22、11/24~11/29、12/01~12/06《全本音樂劇-歌劇魅影》
2020-12-03,全本音樂劇-歌劇魅影,2020/11/19~11/22、11/24~11/29、12/01~12/06《全本音樂劇-歌劇魅影》
2020-12-04,全本音樂劇-歌劇魅影,2020/11/19~11/22、11/24~11/29、12/01~12/06《全本音樂劇-歌劇魅影》
2020-12-05,全本音樂劇-歌劇魅影,2020/11/19~11/22、11/24~11/29、12/01~12/06《全本音樂劇-歌劇魅影》
2020-12-06,全本音樂劇-歌劇魅影,2020/11/19~11/22、11/24~11/29、12/01~12/06《全本音樂劇-歌劇魅影》
2021-01-09,全球人壽 光良 今晚我不孤獨 巡迴演唱會 台北限定版,2021/01/09《全球人壽 光良 今晚我不孤獨 巡迴演唱會 台北限定版》
2020-03-21,108學年度富邦人壽大專籃球運動聯賽 一級決賽,2020/03/21~03/22《108學年度富邦人壽大專籃球運動聯賽 一級決賽》
2020-03-22,108學年度富邦人壽大專籃球運動聯賽 一級決賽,2020/03/21~03/22《108學年度富邦人壽大專籃球運動聯賽 一級決賽》
2020-03-07,108學年度高中籃球甲級聯賽總決賽,2020/03/07~03/08《108學年度高中籃球甲級聯賽總決賽》
2020-03-08,108學年度高中籃球甲級聯賽總決賽,2020/03/07~03/08《108學年度高中籃球甲級聯賽總決賽》
2020-02-22,吳青峰「太空備忘記2020」巡迴演唱會,2020/02/22~02/23《吳青峰「太空備忘記2020」巡迴演唱會》
2020-02-23,吳青峰「太空備忘記2020」巡迴演唱會,2020/02/22~02/23《吳青峰「太空備忘記2020」巡迴演唱會》
2020-01-12,2020超級巨星紅白藝能大賞,2020/01/12《2020超級巨星紅白藝能大賞》
2020-01-19,NOGIZAKA46 Live in Taipei 2020,2020/01/19《NOGIZAKA46 Live in Taipei 2020》
2020-01-18,第15屆KKBOX風雲榜,2020/01/18《第15屆KKBOX風雲榜》
2020-02-02,巨星閃耀百老匯,2020/02/02《巨星閃耀百老匯》
2020-02-08,宇宙人 第一次登陸台北小巨蛋◤你的宇宙｜YOUNIVERSE◢2020演唱會,2020/02/08《宇宙人 第一次登陸台北小巨蛋◤你的宇宙｜YOUNIVERSE◢2020演唱會》
2020-02-14,2020 A-Lin Passenger 旅‧課 世界巡迴演唱會,2020/02/14~02/16《2020 A-Lin Passenger 旅‧課 世界巡迴演唱會》
2020-02-15,2020 A-Lin Passenger 旅‧課 世界巡迴演唱會,2020/02/14~02/16《2020 A-Lin Passenger 旅‧課 世界巡迴演唱會》
2020-02-16,2020 A-Lin Passenger 旅‧課 世界巡迴演唱會,2020/02/14~02/16《2020 A-Lin Passenger 旅‧課 世界巡迴演唱會》
2019-11-10,2019台北海碩網球公開賽,2019/11/10~11/17《2019台北海碩網球公開賽》
2019-11-11,2019台北海碩網球公開賽,2019/11/10~11/17《2019台北海碩網球公開賽》
2019-11-12,2019台北海碩網球公開賽,2019/11/10~11/17《2019台北海碩網球公開賽》
2019-11-13,2019台北海碩網球公開賽,2019/11/10~11/17《2019台北海碩網球公開賽》
2019-11-14,2019台北海碩網球公開賽,2019/11/10~11/17《2019台北海碩網球公開賽》
2019-11-15,2019台北海碩網球公開賽,2019/11/10~11/17《2019台北海碩網球公開賽》
2019-11-16,2019台北海碩網球公開賽,2019/11/10~11/17《2019台北海碩網球公開賽》
2019-11-17,2019台北海碩網球公開賽,2019/11/10~11/17《2019台北海碩網球公開賽》
2019-12-30,蔡依林 Ugly Beauty 2019-2020世界巡迴演唱會 台北站,2019/12/30~2020/01/01、01/03~01/05《蔡依林 Ugly Beauty 2019-2020世界巡迴演唱會 台北站》
2019-12-31,蔡依林 Ugly Beauty 2019-2020世界巡迴演唱會 台北站,2019/12/30~2020/01/01、01/03~01/05《蔡依林 Ugly Beauty 2019-2020世界巡迴演唱會 台北站》
2020-01-01,蔡依林 Ugly Beauty 2019-2020世界巡迴演唱會 台北站,2019/12/30~2020/01/01、01/03~01/05《蔡依林 Ugly Beauty 2019-2020世界巡迴演唱會 台北站》
2020-01-03,蔡依林 Ugly Beauty 2019-2020世界巡迴演唱會 台北站,2019/12/30~2020/01/01、01/03~01/05《蔡依林 Ugly Beauty 2019-2020世界巡迴演唱會 台北站》
2020-01-04,蔡依林 Ugly Beauty 2019-2020世界巡迴演唱會 台北站,2019/12/30~2020/01/01、01/03~01/05《蔡依林 Ugly Beauty 2019-2020世界巡迴演唱會 台北站》
2020-01-05,蔡依林 Ugly Beauty 2019-2020世界巡迴演唱會 台北站,2019/12/30~2020/01/01、01/03~01/05《蔡依林 Ugly Beauty 2019-2020世界巡迴演唱會 台北站》
2019-11-02,仙角百老匯8-人生開麥拉,2019/11/02《仙角百老匯8-人生開麥拉》
2019-10-20,2019台新銀行貴賓之夜,2019/10/20《2019台新銀行貴賓之夜》
2019-11-23,八三夭 想見你 想見你 想見你：重返小巨蛋演唱會,2019/11/23《八三夭 想見你 想見你 想見你：重返小巨蛋演唱會》
2019-12-07,絕色莫文蔚 世界巡迴演唱會 巔峰之旅 台北站,2019/12/07~12/08《絕色莫文蔚 世界巡迴演唱會 巔峰之旅 台北站》
2019-12-08,絕色莫文蔚 世界巡迴演唱會 巔峰之旅 台北站,2019/12/07~12/08《絕色莫文蔚 世界巡迴演唱會 巔峰之旅 台北站》
2020-02-01,2020詹雅雯30周年 巡迴演唱會-台北站,2020/02/01《2020詹雅雯30周年 巡迴演唱會-台北站》
2019-12-20,與恐龍共舞,2019/12/20~12/22《與恐龍共舞》
2019-12-21,與恐龍共舞,2019/12/20~12/22《與恐龍共舞》
2019-12-22,與恐龍共舞,2019/12/20~12/22《與恐龍共舞》
2019-11-30,蕭煌奇2019「人生劇場放映中」小巨蛋演唱會,2019/11/30《蕭煌奇2019「人生劇場放映中」小巨蛋演唱會》
2019-09-21,國民體育日-2019super star體育表演會活動,2019/09/21《國民體育日-2019super star體育表演會活動》
2019-12-14,黎明Leon Metro Live 2.0演唱會 臺北站,2019/12/14《黎明Leon Metro Live 2.0演唱會 臺北站》
2019-09-28,EXO PLANET #5 – ExplOration - in TAIPEI,2019/09/28~09/29《EXO PLANET #5 – ExplOration - in TAIPEI》
2019-09-29,EXO PLANET #5 – ExplOration - in TAIPEI,2019/09/28~09/29《EXO PLANET #5 – ExplOration - in TAIPEI》
2019-10-05,Johnny’s presents Hey! Say! JUMP LIVE 2019 in Taipei,2019/10/05~10/06《Johnny’s presents Hey! Say! JUMP LIVE 2019 in Taipei》
2019-10-06,Johnny’s presents Hey! Say! JUMP LIVE 2019 in Taipei,2019/10/05~10/06《Johnny’s presents Hey! Say! JUMP LIVE 2019 in Taipei》
2019-09-03,2019YONEX中華台北羽球公開賽,2019/09/03、09/04、09/05、09/06、09/07、09/08《2019YONEX中華台北羽球公開賽》
2019-09-04,2019YONEX中華台北羽球公開賽,2019/09/03、09/04、09/05、09/06、09/07、09/08《2019YONEX中華台北羽球公開賽》
2019-09-05,2019YONEX中華台北羽球公開賽,2019/09/03、09/04、09/05、09/06、09/07、09/08《2019YONEX中華台北羽球公開賽》
2019-09-06,2019YONEX中華台北羽球公開賽,2019/09/03、09/04、09/05、09/06、09/07、09/08《2019YONEX中華台北羽球公開賽》
2019-09-07,2019YONEX中華台北羽球公開賽,2019/09/03、09/04、09/05、09/06、09/07、09/08《2019YONEX中華台北羽球公開賽》
2019-09-08,2019YONEX中華台北羽球公開賽,2019/09/03、09/04、09/05、09/06、09/07、09/08《2019YONEX中華台北羽球公開賽》
2019-10-12,李玖哲 隱形動物 演唱會,2019/10/12《李玖哲 隱形動物 演唱會》
2019-10-19,~AKB48 in Taipei 2019 ~ Are You Ready For It? ~,2019/10/19《~AKB48 in Taipei 2019 ~ Are You Ready For It? ~》
2019-07-06,2019 CTC 世界盃國際標準舞公開賽,2019/07/06《2019 CTC 世界盃國際標準舞公開賽》
2019-08-24,方大同TIO靈心之子巡迴演唱會-台北站,2019/08/24《方大同TIO靈心之子巡迴演唱會-台北站》
2019-10-26,李榮浩《年少有為》世界巡迴演唱會 台北站,2019/10/26《李榮浩《年少有為》世界巡迴演唱會 台北站》
2019-09-13,老協珍郭富城舞林密碼世界巡迴演唱會2019-台北站,2019/09/13~09/14《老協珍郭富城舞林密碼世界巡迴演唱會2019-台北站》
2019-09-14,老協珍郭富城舞林密碼世界巡迴演唱會2019-台北站,2019/09/13~09/14《老協珍郭富城舞林密碼世界巡迴演唱會2019-台北站》
2019-06-29,第30屆金曲獎頒獎典禮,2019/06/29《第30屆金曲獎頒獎典禮》
2019-07-02,天福與神蹟 醫治佈道大會,2019/07/02~07/03《天福與神蹟 醫治佈道大會》
2019-07-03,天福與神蹟 醫治佈道大會,2019/07/02~07/03《天福與神蹟 醫治佈道大會》
2019-08-10,一萬天荒愛未老周慧敏30週年演唱會,2019/08/10《一萬天荒愛未老周慧敏30週年演唱會》
2019-05-04,2019臺北母娘文化季弘揚母愛音樂會,2019/05/04~05/05《2019臺北母娘文化季弘揚母愛音樂會》
2019-05-05,2019臺北母娘文化季弘揚母愛音樂會,2019/05/04~05/05《2019臺北母娘文化季弘揚母愛音樂會》
2019-06-21,LINE MUSIC李玟 CoCo Lee「You & I」世界巡迴演唱會World Tour,2019/06/21《LINE MUSIC李玟 CoCo Lee「You & I」世界巡迴演唱會World Tour》
2019-08-17,趙傳-老男孩 ROSE IN THE ROCK 30週年演唱會,2019/08/17《趙傳-老男孩 ROSE IN THE ROCK 30週年演唱會》
2019-06-02,2019 hito流行音樂獎頒獎典禮,2019/06/02《2019 hito流行音樂獎頒獎典禮》
2019-11-06,費玉清2019告別演唱會,2019/11/06~11/07《費玉清2019告別演唱會》
2019-11-07,費玉清2019告別演唱會,2019/11/06~11/07《費玉清2019告別演唱會》
2019-05-11,周興哲2019《你，好不好》亞洲巡迴演唱會,2019/05/11《周興哲2019《你，好不好》亞洲巡迴演唱會》
2019-06-15,2019羅大佑演唱會-臺北搖滾場｢當年離家的年輕人2.0-青春無悔追夢版｣,2019/06/15《2019羅大佑演唱會-臺北搖滾場｢當年離家的年輕人2.0-青春無悔追夢版｣》
2019-03-23,107學年度富邦人壽UBA大專籃球聯賽 一級決賽,2019/03/23~03/24《107學年度富邦人壽UBA大專籃球聯賽 一級決賽》
2019-03-24,107學年度富邦人壽UBA大專籃球聯賽 一級決賽,2019/03/23~03/24《107學年度富邦人壽UBA大專籃球聯賽 一級決賽》
2019-03-16,107學年度高中籃球甲級聯賽總決賽,2019/03/16~03/17《107學年度高中籃球甲級聯賽總決賽》
2019-03-17,107學年度高中籃球甲級聯賽總決賽,2019/03/16~03/17《107學年度高中籃球甲級聯賽總決賽》
2019-07-20,百老匯音樂劇-獅子王,2019/07/20、07/21、07/23、07/24、07/25、07/26、07/27、07/28、07/30、07/31、08/01、08/02、08/03、08/04《百老匯音樂劇-獅子王》
2019-07-21,百老匯音樂劇-獅子王,2019/07/20、07/21、07/23、07/24、07/25、07/26、07/27、07/28、07/30、07/31、08/01、08/02、08/03、08/04《百老匯音樂劇-獅子王》
2019-07-23,百老匯音樂劇-獅子王,2019/07/20、07/21、07/23、07/24、07/25、07/26、07/27、07/28、07/30、07/31、08/01、08/02、08/03、08/04《百老匯音樂劇-獅子王》
2019-07-24,百老匯音樂劇-獅子王,2019/07/20、07/21、07/23、07/24、07/25、07/26、07/27、07/28、07/30、07/31、08/01、08/02、08/03、08/04《百老匯音樂劇-獅子王》
2019-07-25,百老匯音樂劇-獅子王,2019/07/20、07/21、07/23、07/24、07/25、07/26、07/27、07/28、07/30、07/31、08/01、08/02、08/03、08/04《百老匯音樂劇-獅子王》
2019-07-26,百老匯音樂劇-獅子王,2019/07/20、07/21、07/23、07/24、07/25、07/26、07/27、07/28、07/30、07/31、08/01、08/02、08/03、08/04《百老匯音樂劇-獅子王》
2019-07-27,百老匯音樂劇-獅子王,2019/07/20、07/21、07/23、07/24、07/25、07/26、07/27、07/28、07/30、07/31、08/01、08/02、08/03、08/04《百老匯音樂劇-獅子王》
2019-07-28,百老匯音樂劇-獅子王,2019/07/20、07/21、07/23、07/24、07/25、07/26、07/27、07/28、07/30、07/31、08/01、08/02、08/03、08/04《百老匯音樂劇-獅子王》
2019-07-30,百老匯音樂劇-獅子王,2019/07/20、07/21、07/23、07/24、07/25、07/26、07/27、07/28、07/30、07/31、08/01、08/02、08/03、08/04《百老匯音樂劇-獅子王》
2019-07-31,百老匯音樂劇-獅子王,2019/07/20、07/21、07/23、07/24、07/25、07/26、07/27、07/28、07/30、07/31、08/01、08/02、08/03、08/04《百老匯音樂劇-獅子王》
2019-08-01,百老匯音樂劇-獅子王,2019/07/20、07/21、07/23、07/24、07/25、07/26、07/27、07/28、07/30、07/31、08/01、08/02、08/03、08/04《百老匯音樂劇-獅子王》
2019-08-02,百老匯音樂劇-獅子王,2019/07/20、07/21、07/23、07/24、07/25、07/26、07/27、07/28、07/30、07/31、08/01、08/02、08/03、08/04《百老匯音樂劇-獅子王》
2019-08-03,百老匯音樂劇-獅子王,2019/07/20、07/21、07/23、07/24、07/25、07/26、07/27、07/28、07/30、07/31、08/01、08/02、08/03、08/04《百老匯音樂劇-獅子王》
2019-08-04,百老匯音樂劇-獅子王,2019/07/20、07/21、07/23、07/24、07/25、07/26、07/27、07/28、07/30、07/31、08/01、08/02、08/03、08/04《百老匯音樂劇-獅子王》
2019-05-25,傑森．瑪耶茲2019亞洲巡迴演唱會台北站,2019/05/25《傑森．瑪耶茲2019亞洲巡迴演唱會台北站》
2019-03-03,「守護初衷 勇敢造夢」華南100演唱會,2019/03/03《「守護初衷 勇敢造夢」華南100演唱會》
2019-04-13,薛之謙“摩天大樓”世界巡迴演唱會—臺北站,2019/04/13、04/14《薛之謙“摩天大樓”世界巡迴演唱會—臺北站》
2019-04-14,薛之謙“摩天大樓”世界巡迴演唱會—臺北站,2019/04/13、04/14《薛之謙“摩天大樓”世界巡迴演唱會—臺北站》
2019-06-08,王力宏 龍的傳人2060 世界巡迴演唱會,2019/06/08、06/09《王力宏 龍的傳人2060 世界巡迴演唱會》
2019-06-09,王力宏 龍的傳人2060 世界巡迴演唱會,2019/06/08、06/09《王力宏 龍的傳人2060 世界巡迴演唱會》
2019-03-28,2019 Monster KPOP Concert in Taipei,2019/03/28《2019 Monster KPOP Concert in Taipei》
2019-03-09,潘瑋柏Alpha創 使者世界巡迴演唱會2019台北站,2019/03/09《潘瑋柏Alpha創 使者世界巡迴演唱會2019台北站》
2019-03-30,2019舞王世界公開賽,2019/03/30《2019舞王世界公開賽》
2019-04-20,全球人壽冠名贊助 許茹芸【綻放的綻放的綻放】巡迴演唱會 台北站,2019/04/20《全球人壽冠名贊助 許茹芸【綻放的綻放的綻放】巡迴演唱會 台北站》
2019-01-05,2019超級巨星紅白藝能大賞,2019/01/05《2019超級巨星紅白藝能大賞》
2019-01-26,第14屆KKBOX風雲榜,2019/01/26《第14屆KKBOX風雲榜》
2019-02-14,JJ林俊傑聖所世界巡迴演唱會 台北站,2019/02/14、02/15、02/16、02/17《JJ林俊傑聖所世界巡迴演唱會 台北站》
2019-02-15,JJ林俊傑聖所世界巡迴演唱會 台北站,2019/02/14、02/15、02/16、02/17《JJ林俊傑聖所世界巡迴演唱會 台北站》
2019-02-16,JJ林俊傑聖所世界巡迴演唱會 台北站,2019/02/14、02/15、02/16、02/17《JJ林俊傑聖所世界巡迴演唱會 台北站》
2019-02-17,JJ林俊傑聖所世界巡迴演唱會 台北站,2019/02/14、02/15、02/16、02/17《JJ林俊傑聖所世界巡迴演唱會 台北站》
2019-04-06,張信哲[未來式 continuum]世界巡迴演唱會,2019/04/06《張信哲[未來式 continuum]世界巡迴演唱會》
2019-02-28,2019職業國標舞世界大賽亞巡賽臺北站暨金舞獎頒獎典禮,2019/02/28《2019職業國標舞世界大賽亞巡賽臺北站暨金舞獎頒獎典禮》
2019-01-27,乃木坂46台北演唱會 2019,2019/01/27《乃木坂46台北演唱會 2019》
2019-02-01,Mr.Children Tour 2018-19 重力與呼吸 Live in Taiwan,2019/02/01、02/02《Mr.Children Tour 2018-19 重力與呼吸 Live in Taiwan》
2019-02-02,Mr.Children Tour 2018-19 重力與呼吸 Live in Taiwan,2019/02/01、02/02《Mr.Children Tour 2018-19 重力與呼吸 Live in Taiwan》
2019-02-23,Since 5566 台北小巨蛋演唱會,2019/02/23《Since 5566 台北小巨蛋演唱會》
2018-11-25,亞太四面佛祈福慈善會,2018/11/25《亞太四面佛祈福慈善會》
2018-12-14,張韶涵2018《旅程》世界巡迴演唱會,2018/12/14、12/15《張韶涵2018《旅程》世界巡迴演唱會》
2018-12-15,張韶涵2018《旅程》世界巡迴演唱會,2018/12/14、12/15《張韶涵2018《旅程》世界巡迴演唱會》
2018-12-29,林宥嘉 idol世界巡迴演唱會 台北初登場,2018/12/29、12/30《林宥嘉 idol世界巡迴演唱會 台北初登場》
2018-12-30,林宥嘉 idol世界巡迴演唱會 台北初登場,2018/12/29、12/30《林宥嘉 idol世界巡迴演唱會 台北初登場》
2018-11-11,2018台北海碩網球公開賽,2018/11/11、11/12、11/13、11/14、11/15、11/16、11/17、11/18《2018台北海碩網球公開賽》
2018-11-12,2018台北海碩網球公開賽,2018/11/11、11/12、11/13、11/14、11/15、11/16、11/17、11/18《2018台北海碩網球公開賽》
2018-11-13,2018台北海碩網球公開賽,2018/11/11、11/12、11/13、11/14、11/15、11/16、11/17、11/18《2018台北海碩網球公開賽》
2018-11-14,2018台北海碩網球公開賽,2018/11/11、11/12、11/13、11/14、11/15、11/16、11/17、11/18《2018台北海碩網球公開賽》
2018-11-15,2018台北海碩網球公開賽,2018/11/11、11/12、11/13、11/14、11/15、11/16、11/17、11/18《2018台北海碩網球公開賽》
2018-11-16,2018台北海碩網球公開賽,2018/11/11、11/12、11/13、11/14、11/15、11/16、11/17、11/18《2018台北海碩網球公開賽》
2018-11-17,2018台北海碩網球公開賽,2018/11/11、11/12、11/13、11/14、11/15、11/16、11/17、11/18《2018台北海碩網球公開賽》
2018-11-18,2018台北海碩網球公開賽,2018/11/11、11/12、11/13、11/14、11/15、11/16、11/17、11/18《2018台北海碩網球公開賽》
2018-10-27,2018年第七屆世界盃太極拳錦標賽,2018/10/27、10/28《2018年第七屆世界盃太極拳錦標賽》
2018-10-28,2018年第七屆世界盃太極拳錦標賽,2018/10/27、10/28《2018年第七屆世界盃太極拳錦標賽》
2019-05-15,費玉清2019台北小巨蛋演唱會,2019/05/15、05/17、05/18、05/19《費玉清2019台北小巨蛋演唱會》
2019-05-17,費玉清2019台北小巨蛋演唱會,2019/05/15、05/17、05/18、05/19《費玉清2019台北小巨蛋演唱會》
2019-05-18,費玉清2019台北小巨蛋演唱會,2019/05/15、05/17、05/18、05/19《費玉清2019台北小巨蛋演唱會》
2019-05-19,費玉清2019台北小巨蛋演唱會,2019/05/15、05/17、05/18、05/19《費玉清2019台北小巨蛋演唱會》
2019-02-08,費玉清2019台北小巨蛋演唱會,2019/02/08、02/09《費玉清2019台北小巨蛋演唱會》
2019-02-09,費玉清2019台北小巨蛋演唱會,2019/02/08、02/09《費玉清2019台北小巨蛋演唱會》
2019-04-26,盧廣仲 11週年 台北小巨蛋演唱會 大人中,2019/04/26、04/27、04/28《盧廣仲 11週年 台北小巨蛋演唱會 大人中》
2019-04-27,盧廣仲 11週年 台北小巨蛋演唱會 大人中,2019/04/26、04/27、04/28《盧廣仲 11週年 台北小巨蛋演唱會 大人中》
2019-04-28,盧廣仲 11週年 台北小巨蛋演唱會 大人中,2019/04/26、04/27、04/28《盧廣仲 11週年 台北小巨蛋演唱會 大人中》
2018-11-08,幸福台灣。小樹傳愛～萬人藝術靜心,2018/11/08《幸福台灣。小樹傳愛～萬人藝術靜心》
2018-10-20,2018 台新貴賓之夜,2018/10/20《2018 台新貴賓之夜》
2018-11-03,仙角百老匯7-銀盒大冒險,2018/11/03《仙角百老匯7-銀盒大冒險》
2018-12-01,2018徐佳瑩小巨蛋演唱會,2018/12/01、12/02《2018徐佳瑩小巨蛋演唱會》
2018-12-02,2018徐佳瑩小巨蛋演唱會,2018/12/01、12/02《2018徐佳瑩小巨蛋演唱會》
2018-10-13,2018 SHINHWA 20th ANNIVERSARY CONCERT HEART TOUR IN TAIPEI,2018/10/13《2018 SHINHWA 20th ANNIVERSARY CONCERT HEART TOUR IN TAIPEI》
2018-12-08,玖壹壹「2018臺玖線 一票玩到底」演唱會,2018/12/08《玖壹壹「2018臺玖線 一票玩到底」演唱會》
2018-12-22,絕色莫文蔚25週年世界巡迴演唱會2018台北站演唱會,2018/12/22《絕色莫文蔚25週年世界巡迴演唱會2018台北站演唱會》
2018-11-23,2018商周創新之夜‧無人經濟超未來,2018/11/23《2018商周創新之夜‧無人經濟超未來》
2018-10-02,2018中華臺北羽球公開賽,2018/10/02、10/03、10/04、10/05、10/06、10/07《2018中華臺北羽球公開賽》
2018-10-03,2018中華臺北羽球公開賽,2018/10/02、10/03、10/04、10/05、10/06、10/07《2018中華臺北羽球公開賽》
2018-10-04,2018中華臺北羽球公開賽,2018/10/02、10/03、10/04、10/05、10/06、10/07《2018中華臺北羽球公開賽》
2018-10-05,2018中華臺北羽球公開賽,2018/10/02、10/03、10/04、10/05、10/06、10/07《2018中華臺北羽球公開賽》
2018-10-06,2018中華臺北羽球公開賽,2018/10/02、10/03、10/04、10/05、10/06、10/07《2018中華臺北羽球公開賽》
2018-10-07,2018中華臺北羽球公開賽,2018/10/02、10/03、10/04、10/05、10/06、10/07《2018中華臺北羽球公開賽》
2018-09-08,107年國民體育日-體育表演活動,2018/09/08《107年國民體育日-體育表演活動》
2018-09-22,關西傑尼斯8台北演唱會,2018/09/22、09/23《關西傑尼斯8台北演唱會》
2018-09-23,關西傑尼斯8台北演唱會,2018/09/22、09/23《關西傑尼斯8台北演唱會》
2018-08-25,2018超硬電司趴,2018/08/25《2018超硬電司趴》
2019-01-11,陳綺貞 20 週年演唱會－漫漫長夜 Cheer 20,2019/01/11、01/12、01/13《陳綺貞 20 週年演唱會－漫漫長夜 Cheer 20》
2019-01-12,陳綺貞 20 週年演唱會－漫漫長夜 Cheer 20,2019/01/11、01/12、01/13《陳綺貞 20 週年演唱會－漫漫長夜 Cheer 20》
2019-01-13,陳綺貞 20 週年演唱會－漫漫長夜 Cheer 20,2019/01/11、01/12、01/13《陳綺貞 20 週年演唱會－漫漫長夜 Cheer 20》
2018-09-15,譚詠麟 銀河歲月40載演唱會,2018/09/15《譚詠麟 銀河歲月40載演唱會》
2018-07-07,2018 CTC「世界盃」國際標準舞公開賽,2018/07/07《2018 CTC「世界盃」國際標準舞公開賽》
2018-08-04,超犀利趴 9,2018/08/04~08/05《超犀利趴 9》
2018-08-05,超犀利趴 9,2018/08/04~08/05《超犀利趴 9》
2018-07-05,2018 M Countdown In Taipei,2018/07/05《2018 M Countdown In Taipei》
2018-06-12,KYMCO iONEX 車能網 台北國際發表,2018/06/12《KYMCO iONEX 車能網 台北國際發表》
2018-08-10,頑童2018幹大事台北演唱會 我們現在是現場,2018/08/10~08/12《頑童2018幹大事台北演唱會 我們現在是現場》
2018-08-11,頑童2018幹大事台北演唱會 我們現在是現場,2018/08/10~08/12《頑童2018幹大事台北演唱會 我們現在是現場》
2018-08-12,頑童2018幹大事台北演唱會 我們現在是現場,2018/08/10~08/12《頑童2018幹大事台北演唱會 我們現在是現場》
2018-06-23,第29屆流行音樂金曲獎頒獎典禮,2018/06/23《第29屆流行音樂金曲獎頒獎典禮》
2018-09-01,一事無成的偉大 八三夭首場萬人演唱會,2018/09/01~09/02《一事無成的偉大 八三夭首場萬人演唱會》
2018-09-02,一事無成的偉大 八三夭首場萬人演唱會,2018/09/01~09/02《一事無成的偉大 八三夭首場萬人演唱會》
2018-07-01,2018 WWE激爆摔角大賽,2018/07/01《2018 WWE激爆摔角大賽》
2018-07-28,2018 吳宗憲Jacky Wu 台北小巨蛋 演唱會,2018/07/28~07/29《2018 吳宗憲Jacky Wu 台北小巨蛋 演唱會》
2018-07-29,2018 吳宗憲Jacky Wu 台北小巨蛋 演唱會,2018/07/28~07/29《2018 吳宗憲Jacky Wu 台北小巨蛋 演唱會》
2018-05-05,2018臺北母娘文化季弘揚母愛音樂會,2018/05/05~05/06《2018臺北母娘文化季弘揚母愛音樂會》
2018-05-06,2018臺北母娘文化季弘揚母愛音樂會,2018/05/05~05/06《2018臺北母娘文化季弘揚母愛音樂會》
2018-09-29,辛曉琪 台北小巨蛋演唱會 人生若只如初見,2018/09/29《辛曉琪 台北小巨蛋演唱會 人生若只如初見》
2018-06-03,2018 hito流行音樂獎頒獎典禮,2018/06/03《2018 hito流行音樂獎頒獎典禮》
2018-06-30,伍佰&China Blue 2018透南風演唱會【臺北場】,2018/06/30《伍佰&China Blue 2018透南風演唱會【臺北場】》
2018-04-07,2018舞王世界公開賽,2018/04/07《2018舞王世界公開賽》
2018-03-24,106學年度富邦人壽大專籃球聯賽一級決賽,2018/03/24~03/25《106學年度富邦人壽大專籃球聯賽一級決賽》
2018-03-25,106學年度富邦人壽大專籃球聯賽一級決賽,2018/03/24~03/25《106學年度富邦人壽大專籃球聯賽一級決賽》
2018-05-19,2018 安室奈美惠 演唱會,2018/05/19~05/20《2018 安室奈美惠 演唱會》
2018-05-20,2018 安室奈美惠 演唱會,2018/05/19~05/20《2018 安室奈美惠 演唱會》
2018-03-10,106學年度高中籃球甲級聯賽總決賽,2018/03/10~03/11《106學年度高中籃球甲級聯賽總決賽》
2018-03-11,106學年度高中籃球甲級聯賽總決賽,2018/03/10~03/11《106學年度高中籃球甲級聯賽總決賽》
2018-05-12,2018 安溥anpu《煉雲》 台北小巨蛋演唱會,2018/05/12~05/13《2018 安溥anpu《煉雲》 台北小巨蛋演唱會》
2018-05-13,2018 安溥anpu《煉雲》 台北小巨蛋演唱會,2018/05/12~05/13《2018 安溥anpu《煉雲》 台北小巨蛋演唱會》
2018-02-14,2018 THE RAP OF TAIPEI台北有嘻哈不可思議演唱會,2018/02/14《2018 THE RAP OF TAIPEI台北有嘻哈不可思議演唱會》
2018-03-31,SUPER JUNIOR WORLD TOUR SUPER SHOW 7 in TAIPEI,2018/03/31~04/01《SUPER JUNIOR WORLD TOUR SUPER SHOW 7 in TAIPEI》
2018-04-01,SUPER JUNIOR WORLD TOUR SUPER SHOW 7 in TAIPEI,2018/03/31~04/01《SUPER JUNIOR WORLD TOUR SUPER SHOW 7 in TAIPEI》
2018-07-21,陳雷 歡聲雷動亞洲巡迴演唱會,2018/07/21《陳雷 歡聲雷動亞洲巡迴演唱會》
2018-06-09,三毛 齊豫 潘越雲【回聲】演唱會,2018/06/09《三毛 齊豫 潘越雲【回聲】演唱會》
2018-05-26,蕭敬騰娛樂先生世界巡迴演唱會-雅聞倍優台北站,2018/05/26~05/27《蕭敬騰娛樂先生世界巡迴演唱會-雅聞倍優台北站》
2018-05-27,蕭敬騰娛樂先生世界巡迴演唱會-雅聞倍優台北站,2018/05/26~05/27《蕭敬騰娛樂先生世界巡迴演唱會-雅聞倍優台北站》
2018-07-11,席琳‧狄翁2018台北演唱會,2018/07/11、07/13、07/14《席琳‧狄翁2018台北演唱會》
2018-07-13,席琳‧狄翁2018台北演唱會,2018/07/11、07/13、07/14《席琳‧狄翁2018台北演唱會》
2018-07-14,席琳‧狄翁2018台北演唱會,2018/07/11、07/13、07/14《席琳‧狄翁2018台北演唱會》
2018-02-03,RFC猛龍過江台灣區職業綜合格鬥爭霸賽01暨IMMAF RFC-WOTD台灣區業餘綜合格鬥冠軍賽,2018/02/03《RFC猛龍過江台灣區職業綜合格鬥爭霸賽01暨IMMAF RFC-WOTD台灣區業餘綜合格鬥冠軍賽》
2018-04-20,學友•經典世界巡迴演唱會–2018台北站,2018/04/20~04/22、04/27~04/29《學友•經典世界巡迴演唱會–2018台北站》
2018-04-21,學友•經典世界巡迴演唱會–2018台北站,2018/04/20~04/22、04/27~04/29《學友•經典世界巡迴演唱會–2018台北站》
2018-04-22,學友•經典世界巡迴演唱會–2018台北站,2018/04/20~04/22、04/27~04/29《學友•經典世界巡迴演唱會–2018台北站》
2018-04-27,學友•經典世界巡迴演唱會–2018台北站,2018/04/20~04/22、04/27~04/29《學友•經典世界巡迴演唱會–2018台北站》
2018-04-28,學友•經典世界巡迴演唱會–2018台北站,2018/04/20~04/22、04/27~04/29《學友•經典世界巡迴演唱會–2018台北站》
2018-04-29,學友•經典世界巡迴演唱會–2018台北站,2018/04/20~04/22、04/27~04/29《學友•經典世界巡迴演唱會–2018台北站》
2018-02-10,EXO PLANET #4 The EℓyXiOn in Taipei,2018/02/10~02/11《EXO PLANET #4 The EℓyXiOn in Taipei》
2018-02-11,EXO PLANET #4 The EℓyXiOn in Taipei,2018/02/10~02/11《EXO PLANET #4 The EℓyXiOn in Taipei》
2018-01-13,2018 超級巨星紅白藝能大賞,2018/01/13《2018 超級巨星紅白藝能大賞》
2018-03-03,民歌43高峰會,2018/03/03《民歌43高峰會》
2018-02-28,2018國標舞世界大賽亞巡賽臺北站暨金舞獎頒獎典禮,2018/02/28《2018國標舞世界大賽亞巡賽臺北站暨金舞獎頒獎典禮》
2018-02-19,2018「我牽你 你牽伊」詹雅雯台北小巨蛋演唱會-新春場,2018/02/19《2018「我牽你 你牽伊」詹雅雯台北小巨蛋演唱會-新春場》
2018-04-04,凱蒂 · 佩芮 見證巡演 2018台北站,2018/04/04《凱蒂 · 佩芮 見證巡演 2018台北站》
2018-03-17,"GLAY ARENA TOUR 2018 ""SPRINGDELICS"" in Taipei","2018/03/17《GLAY ARENA TOUR 2018 ""SPRINGDELICS"" in Taipei》"
2018-01-24,2018年ISU四大洲花式滑冰錦標賽,2018/01/24~01/27《2018年ISU四大洲花式滑冰錦標賽》
2018-01-25,2018年ISU四大洲花式滑冰錦標賽,2018/01/24~01/27《2018年ISU四大洲花式滑冰錦標賽》
2018-01-26,2018年ISU四大洲花式滑冰錦標賽,2018/01/24~01/27《2018年ISU四大洲花式滑冰錦標賽》
2018-01-27,2018年ISU四大洲花式滑冰錦標賽,2018/01/24~01/27《2018年ISU四大洲花式滑冰錦標賽》
2018-04-14,2018 萬芳 時間仍然繼續在走 演唱會,2018/04/14 《2018 萬芳 時間仍然繼續在走 演唱會》
2017-11-12,2017台北海碩國際女子網球挑戰賽,2017/11/12~11/19《2017台北海碩國際女子網球挑戰賽》
2017-11-13,2017台北海碩國際女子網球挑戰賽,2017/11/12~11/19《2017台北海碩國際女子網球挑戰賽》
2017-11-14,2017台北海碩國際女子網球挑戰賽,2017/11/12~11/19《2017台北海碩國際女子網球挑戰賽》
2017-11-15,2017台北海碩國際女子網球挑戰賽,2017/11/12~11/19《2017台北海碩國際女子網球挑戰賽》
2017-11-16,2017台北海碩國際女子網球挑戰賽,2017/11/12~11/19《2017台北海碩國際女子網球挑戰賽》
2017-11-17,2017台北海碩國際女子網球挑戰賽,2017/11/12~11/19《2017台北海碩國際女子網球挑戰賽》
2017-11-18,2017台北海碩國際女子網球挑戰賽,2017/11/12~11/19《2017台北海碩國際女子網球挑戰賽》
2017-11-19,2017台北海碩國際女子網球挑戰賽,2017/11/12~11/19《2017台北海碩國際女子網球挑戰賽》
2017-12-30,青春旋律西洋流行音樂演唱會2017台北小巨蛋,2017/12/30《青春旋律西洋流行音樂演唱會2017台北小巨蛋》
2018-01-06,蔡健雅 2018列穆尼亞巡迴演唱會 Rebirth重生 台北最終場,2018/01/06《蔡健雅 2018列穆尼亞巡迴演唱會 Rebirth重生 台北最終場》
2017-12-16,2017 楊丞琳 青春住了誰 世界巡迴演唱會 台北場,2017/12/16~12/17《2017 楊丞琳 青春住了誰 世界巡迴演唱會 台北場》
2017-12-17,2017 楊丞琳 青春住了誰 世界巡迴演唱會 台北場,2017/12/16~12/17《2017 楊丞琳 青春住了誰 世界巡迴演唱會 台北場》
2017-11-26,我想念我自己 彭佳慧2017台北小巨蛋演唱會,2017/11/26《我想念我自己 彭佳慧2017台北小巨蛋演唱會》
2017-11-05,百老匯璀璨經典演唱會,2017/11/05《百老匯璀璨經典演唱會》
2017-12-09,天堂M Bii畢書盡 My Best Moment,2017/12/09《天堂M Bii畢書盡 My Best Moment》
2017-11-04,2017FanFan范瑋琪〈在幸福的路上〉世界巡迴演唱會,2017/11/04《2017FanFan范瑋琪〈在幸福的路上〉世界巡迴演唱會》
2017-10-14,羅大佑2017巡迴演唱會-當年離家的年輕人,2017/10/14《羅大佑2017巡迴演唱會-當年離家的年輕人》
2017-09-09,國民體育日-2017super star體育表演會活動,2017/09/09《國民體育日-2017super star體育表演會活動》
2017-10-28,跟動力合唱 動力火車20年巡迴演唱會 台北旗艦場,2017/10/28《跟動力合唱 動力火車20年巡迴演唱會 台北旗艦場》
2017-10-21,仙角百老匯6-花開了，你好嗎？,2017/10/21《仙角百老匯6-花開了，你好嗎？》
2017-10-08,「我牽你 你牽伊」2017詹雅雯台北小巨蛋演唱會,2017/10/08《「我牽你 你牽伊」2017詹雅雯台北小巨蛋演唱會》
2017-12-23,鄭中基PLAY IT AGAIN世界巡迴演唱會 台北站,2017/12/23《鄭中基PLAY IT AGAIN世界巡迴演唱會 台北站》
2017-07-29,2017 CTC世界盃國際標準舞公開賽,2017/07/29《2017 CTC世界盃國際標準舞公開賽》
2017-08-20,2017臺北世界大學運動會—籃球競賽項目,2017/08/20~08/29《2017臺北世界大學運動會—籃球競賽項目》
2017-08-21,2017臺北世界大學運動會—籃球競賽項目,2017/08/20~08/29《2017臺北世界大學運動會—籃球競賽項目》
2017-08-22,2017臺北世界大學運動會—籃球競賽項目,2017/08/20~08/29《2017臺北世界大學運動會—籃球競賽項目》
2017-08-23,2017臺北世界大學運動會—籃球競賽項目,2017/08/20~08/29《2017臺北世界大學運動會—籃球競賽項目》
2017-08-24,2017臺北世界大學運動會—籃球競賽項目,2017/08/20~08/29《2017臺北世界大學運動會—籃球競賽項目》
2017-08-25,2017臺北世界大學運動會—籃球競賽項目,2017/08/20~08/29《2017臺北世界大學運動會—籃球競賽項目》
2017-08-26,2017臺北世界大學運動會—籃球競賽項目,2017/08/20~08/29《2017臺北世界大學運動會—籃球競賽項目》
2017-08-27,2017臺北世界大學運動會—籃球競賽項目,2017/08/20~08/29《2017臺北世界大學運動會—籃球競賽項目》
2017-08-28,2017臺北世界大學運動會—籃球競賽項目,2017/08/20~08/29《2017臺北世界大學運動會—籃球競賽項目》
2017-08-29,2017臺北世界大學運動會—籃球競賽項目,2017/08/20~08/29《2017臺北世界大學運動會—籃球競賽項目》
2017-06-24,第28屆流行音樂金曲獎頒獎典禮,2017/06/24《第28屆流行音樂金曲獎頒獎典禮》
2017-08-11,2017 RENE我敢劉若男演唱會,2017/08/11~08/12《2017 RENE我敢劉若男演唱會》
2017-08-12,2017 RENE我敢劉若男演唱會,2017/08/11~08/12《2017 RENE我敢劉若男演唱會》
2017-09-02,翁立友2017【友你真好】演唱會,2017/09/02《翁立友2017【友你真好】演唱會》
2017-09-28,周杰倫 地表最強世界巡迴演唱會 台北,2017/09/28~10/01《周杰倫 地表最強世界巡迴演唱會 台北》
2017-09-29,周杰倫 地表最強世界巡迴演唱會 台北,2017/09/28~10/01《周杰倫 地表最強世界巡迴演唱會 台北》
2017-09-30,周杰倫 地表最強世界巡迴演唱會 台北,2017/09/28~10/01《周杰倫 地表最強世界巡迴演唱會 台北》
2017-10-01,周杰倫 地表最強世界巡迴演唱會 台北,2017/09/28~10/01《周杰倫 地表最強世界巡迴演唱會 台北》
2017-06-27,YONEX 2017年中華臺北羽球公開賽,2017/06/27~07/02《YONEX 2017年中華臺北羽球公開賽》
2017-06-28,YONEX 2017年中華臺北羽球公開賽,2017/06/27~07/02《YONEX 2017年中華臺北羽球公開賽》
2017-06-29,YONEX 2017年中華臺北羽球公開賽,2017/06/27~07/02《YONEX 2017年中華臺北羽球公開賽》
2017-06-30,YONEX 2017年中華臺北羽球公開賽,2017/06/27~07/02《YONEX 2017年中華臺北羽球公開賽》
2017-07-01,YONEX 2017年中華臺北羽球公開賽,2017/06/27~07/02《YONEX 2017年中華臺北羽球公開賽》
2017-07-02,YONEX 2017年中華臺北羽球公開賽,2017/06/27~07/02《YONEX 2017年中華臺北羽球公開賽》
2017-09-19,Ariana Grande Dangerous Woman Tour 2017 台北演唱會,2017/09/19《Ariana Grande Dangerous Woman Tour 2017 台北演唱會》
2017-05-06,2017臺北母娘文化季弘揚母愛音樂會,2017/05/06~05/07《2017臺北母娘文化季弘揚母愛音樂會》
2017-05-07,2017臺北母娘文化季弘揚母愛音樂會,2017/05/06~05/07《2017臺北母娘文化季弘揚母愛音樂會》
2017-09-16,2017李榮浩 有理想 世界巡迴演唱會 台北場,2017/09/16《2017李榮浩 有理想 世界巡迴演唱會 台北場》
2017-06-04,2017 hito流行音樂獎頒獎典禮,2017/06/04《2017 hito流行音樂獎頒獎典禮》
2017-07-26,魏如萱 末路狂花 巡迴演唱會,2017/07/26《魏如萱 末路狂花 巡迴演唱會》
2017-04-07,2017年第46屆世界清晨盃暨吳文達紀念盃羽球錦標賽,2017/04/07~04/09《2017年第46屆世界清晨盃暨吳文達紀念盃羽球錦標賽》
2017-04-08,2017年第46屆世界清晨盃暨吳文達紀念盃羽球錦標賽,2017/04/07~04/09《2017年第46屆世界清晨盃暨吳文達紀念盃羽球錦標賽》
2017-04-09,2017年第46屆世界清晨盃暨吳文達紀念盃羽球錦標賽,2017/04/07~04/09《2017年第46屆世界清晨盃暨吳文達紀念盃羽球錦標賽》
2017-07-06,太陽馬戲《阿凡達前傳》,2017/07/06~07/09、07/11~07/16、07/18《太陽馬戲《阿凡達前傳》》
2017-07-07,太陽馬戲《阿凡達前傳》,2017/07/06~07/09、07/11~07/16、07/18《太陽馬戲《阿凡達前傳》》
2017-07-08,太陽馬戲《阿凡達前傳》,2017/07/06~07/09、07/11~07/16、07/18《太陽馬戲《阿凡達前傳》》
2017-07-09,太陽馬戲《阿凡達前傳》,2017/07/06~07/09、07/11~07/16、07/18《太陽馬戲《阿凡達前傳》》
2017-07-11,太陽馬戲《阿凡達前傳》,2017/07/06~07/09、07/11~07/16、07/18《太陽馬戲《阿凡達前傳》》
2017-07-12,太陽馬戲《阿凡達前傳》,2017/07/06~07/09、07/11~07/16、07/18《太陽馬戲《阿凡達前傳》》
2017-07-13,太陽馬戲《阿凡達前傳》,2017/07/06~07/09、07/11~07/16、07/18《太陽馬戲《阿凡達前傳》》
2017-07-14,太陽馬戲《阿凡達前傳》,2017/07/06~07/09、07/11~07/16、07/18《太陽馬戲《阿凡達前傳》》
2017-07-15,太陽馬戲《阿凡達前傳》,2017/07/06~07/09、07/11~07/16、07/18《太陽馬戲《阿凡達前傳》》
2017-07-16,太陽馬戲《阿凡達前傳》,2017/07/06~07/09、07/11~07/16、07/18《太陽馬戲《阿凡達前傳》》
2017-07-18,太陽馬戲《阿凡達前傳》,2017/07/06~07/09、07/11~07/16、07/18《太陽馬戲《阿凡達前傳》》
2017-04-29,兄弟本色日落黑趴最終場,2017/04/29~04/30《兄弟本色日落黑趴最終場》
2017-04-30,兄弟本色日落黑趴最終場,2017/04/29~04/30《兄弟本色日落黑趴最終場》
2017-03-25,2017舞王世界公開賽,2017/03/25《2017舞王世界公開賽》
2017-03-04,105學年度高中籃球甲級聯賽總決賽,2017/03/04~03/05《105學年度高中籃球甲級聯賽總決賽》
2017-03-05,105學年度高中籃球甲級聯賽總決賽,2017/03/04~03/05《105學年度高中籃球甲級聯賽總決賽》
2017-05-28,民歌42高峰會,2017/05/28《民歌42高峰會》
2017-04-01,侏儸紀公園電影完整版音樂會,2017/04/01《侏儸紀公園電影完整版音樂會》
2017-06-10,費玉清2017台北小巨蛋個人演唱會,2017/06/10、06/16~06/18《費玉清2017台北小巨蛋個人演唱會》
2017-06-16,費玉清2017台北小巨蛋個人演唱會,2017/06/10、06/16~06/18《費玉清2017台北小巨蛋個人演唱會》
2017-06-17,費玉清2017台北小巨蛋個人演唱會,2017/06/10、06/16~06/18《費玉清2017台北小巨蛋個人演唱會》
2017-06-18,費玉清2017台北小巨蛋個人演唱會,2017/06/10、06/16~06/18《費玉清2017台北小巨蛋個人演唱會》
2017-05-14,鄭進一 台灣一歌 台北小巨蛋演唱會,2017/05/14《鄭進一 台灣一歌 台北小巨蛋演唱會》
2017-05-20,信GentleMonster巡迴演唱會,2017/05/20《信GentleMonster巡迴演唱會》
2017-05-27,黃小琥2017巡迴演唱會 [ 狂 ],2017/05/27《黃小琥2017巡迴演唱會 [ 狂 ]》
2017-04-02,夢工廠卡通電影音樂會,2017/04/02《夢工廠卡通電影音樂會》
2017-02-25,《假如我是羅大佑》2017重塑經典系列演唱會,2017/02/25《《假如我是羅大佑》2017重塑經典系列演唱會》
2017-02-28,2017國標舞世界大賽亞巡賽暨金舞獎頒獎典禮,2017/02/28《2017國標舞世界大賽亞巡賽暨金舞獎頒獎典禮》
2017-04-15,OPPO Camera Phone 冠名贊助 林宥嘉 The Great Yoga 2017,2017/04/15~04/16《OPPO Camera Phone 冠名贊助 林宥嘉 The Great Yoga 2017》
2017-04-16,OPPO Camera Phone 冠名贊助 林宥嘉 The Great Yoga 2017,2017/04/15~04/16《OPPO Camera Phone 冠名贊助 林宥嘉 The Great Yoga 2017》
2017-04-22,2017 徐佳瑩 是日救星 巡迴演唱會,2017/04/22《2017 徐佳瑩 是日救星 巡迴演唱會》
2017-03-15,2017 ISU 世界青年滑冰錦標賽,2017/03/15~03/19《2017 ISU 世界青年滑冰錦標賽》
2017-03-16,2017 ISU 世界青年滑冰錦標賽,2017/03/15~03/19《2017 ISU 世界青年滑冰錦標賽》
2017-03-17,2017 ISU 世界青年滑冰錦標賽,2017/03/15~03/19《2017 ISU 世界青年滑冰錦標賽》
2017-03-18,2017 ISU 世界青年滑冰錦標賽,2017/03/15~03/19《2017 ISU 世界青年滑冰錦標賽》
2017-03-19,2017 ISU 世界青年滑冰錦標賽,2017/03/15~03/19《2017 ISU 世界青年滑冰錦標賽》
2017-01-28,WTA_2017臺灣公開賽,2017/01/28~02/05《WTA_2017臺灣公開賽》
2017-01-29,WTA_2017臺灣公開賽,2017/01/28~02/05《WTA_2017臺灣公開賽》
2017-01-30,WTA_2017臺灣公開賽,2017/01/28~02/05《WTA_2017臺灣公開賽》
2017-01-31,WTA_2017臺灣公開賽,2017/01/28~02/05《WTA_2017臺灣公開賽》
2017-02-01,WTA_2017臺灣公開賽,2017/01/28~02/05《WTA_2017臺灣公開賽》
2017-02-02,WTA_2017臺灣公開賽,2017/01/28~02/05《WTA_2017臺灣公開賽》
2017-02-03,WTA_2017臺灣公開賽,2017/01/28~02/05《WTA_2017臺灣公開賽》
2017-02-04,WTA_2017臺灣公開賽,2017/01/28~02/05《WTA_2017臺灣公開賽》
2017-02-05,WTA_2017臺灣公開賽,2017/01/28~02/05《WTA_2017臺灣公開賽》
2017-01-21,第12屆KKBOX風雲榜,2017/01/21《第12屆KKBOX風雲榜》
2017-01-14,玖壹壹 9453 巡迴演唱會,2017/01/14《玖壹壹 9453 巡迴演唱會》
2017-01-07,2017超級巨星紅白藝能大賞,2017/01/07《2017超級巨星紅白藝能大賞》
2016-12-02,蘇打綠《故事未了》電影首映演唱會,2016/12/02~12/03《蘇打綠《故事未了》電影首映演唱會》
2016-12-03,蘇打綠《故事未了》電影首映演唱會,2016/12/02~12/03《蘇打綠《故事未了》電影首映演唱會》
2016-12-17,TOYOTAx五月天 RE:LIVE JUST ROCK IT! 2016最終章[自傳復刻版],2016/12/17~12/18、12/21、12/23~12/25、12/30~2017/1/1《TOYOTAx五月天 RE:LIVE JUST ROCK IT! 2016最終章[自傳復刻版]》
2016-12-18,TOYOTAx五月天 RE:LIVE JUST ROCK IT! 2016最終章[自傳復刻版],2016/12/17~12/18、12/21、12/23~12/25、12/30~2017/1/1《TOYOTAx五月天 RE:LIVE JUST ROCK IT! 2016最終章[自傳復刻版]》
2016-12-21,TOYOTAx五月天 RE:LIVE JUST ROCK IT! 2016最終章[自傳復刻版],2016/12/17~12/18、12/21、12/23~12/25、12/30~2017/1/1《TOYOTAx五月天 RE:LIVE JUST ROCK IT! 2016最終章[自傳復刻版]》
2016-12-23,TOYOTAx五月天 RE:LIVE JUST ROCK IT! 2016最終章[自傳復刻版],2016/12/17~12/18、12/21、12/23~12/25、12/30~2017/1/1《TOYOTAx五月天 RE:LIVE JUST ROCK IT! 2016最終章[自傳復刻版]》
2016-12-24,TOYOTAx五月天 RE:LIVE JUST ROCK IT! 2016最終章[自傳復刻版],2016/12/17~12/18、12/21、12/23~12/25、12/30~2017/1/1《TOYOTAx五月天 RE:LIVE JUST ROCK IT! 2016最終章[自傳復刻版]》
2016-12-25,TOYOTAx五月天 RE:LIVE JUST ROCK IT! 2016最終章[自傳復刻版],2016/12/17~12/18、12/21、12/23~12/25、12/30~2017/1/1《TOYOTAx五月天 RE:LIVE JUST ROCK IT! 2016最終章[自傳復刻版]》
2016-12-30,TOYOTAx五月天 RE:LIVE JUST ROCK IT! 2016最終章[自傳復刻版],2016/12/17~12/18、12/21、12/23~12/25、12/30~2017/1/1《TOYOTAx五月天 RE:LIVE JUST ROCK IT! 2016最終章[自傳復刻版]》
2016-12-31,TOYOTAx五月天 RE:LIVE JUST ROCK IT! 2016最終章[自傳復刻版],2016/12/17~12/18、12/21、12/23~12/25、12/30~2017/1/1《TOYOTAx五月天 RE:LIVE JUST ROCK IT! 2016最終章[自傳復刻版]》
2017-01-01,TOYOTAx五月天 RE:LIVE JUST ROCK IT! 2016最終章[自傳復刻版],2016/12/17~12/18、12/21、12/23~12/25、12/30~2017/1/1《TOYOTAx五月天 RE:LIVE JUST ROCK IT! 2016最終章[自傳復刻版]》
2016-11-13,2016台北海碩國際女子網球挑戰賽,2016/11/13~11/20《2016台北海碩國際女子網球挑戰賽》
2016-11-14,2016台北海碩國際女子網球挑戰賽,2016/11/13~11/20《2016台北海碩國際女子網球挑戰賽》
2016-11-15,2016台北海碩國際女子網球挑戰賽,2016/11/13~11/20《2016台北海碩國際女子網球挑戰賽》
2016-11-16,2016台北海碩國際女子網球挑戰賽,2016/11/13~11/20《2016台北海碩國際女子網球挑戰賽》
2016-11-17,2016台北海碩國際女子網球挑戰賽,2016/11/13~11/20《2016台北海碩國際女子網球挑戰賽》
2016-11-18,2016台北海碩國際女子網球挑戰賽,2016/11/13~11/20《2016台北海碩國際女子網球挑戰賽》
2016-11-19,2016台北海碩國際女子網球挑戰賽,2016/11/13~11/20《2016台北海碩國際女子網球挑戰賽》
2016-11-20,2016台北海碩國際女子網球挑戰賽,2016/11/13~11/20《2016台北海碩國際女子網球挑戰賽》
2016-10-14,仙角百老匯5-夢中的澎紗衫,2016/10/14《仙角百老匯5-夢中的澎紗衫》
2016-10-22,2016年第六屆世界盃太極拳錦標賽,2016/10/22~10/23《2016年第六屆世界盃太極拳錦標賽》
2016-10-23,2016年第六屆世界盃太極拳錦標賽,2016/10/22~10/23《2016年第六屆世界盃太極拳錦標賽》
2016-10-09,慶祝中華民國105年國慶四海同心聯歡大會,2016/10/09《慶祝中華民國105年國慶四海同心聯歡大會》
2016-10-02,盧軍宏聯合國「世界和平教育大使」盧君宏台長2016台北國際大型佛教演講會,2016/10/02《盧軍宏聯合國「世界和平教育大使」盧君宏台長2016台北國際大型佛教演講會》
2017-02-11,學友•經典世界巡迴演唱會–台北站,2017/02/11~02/13、02/17~02/19《學友•經典世界巡迴演唱會–台北站》
2017-02-12,學友•經典世界巡迴演唱會–台北站,2017/02/11~02/13、02/17~02/19《學友•經典世界巡迴演唱會–台北站》
2017-02-13,學友•經典世界巡迴演唱會–台北站,2017/02/11~02/13、02/17~02/19《學友•經典世界巡迴演唱會–台北站》
2017-02-17,學友•經典世界巡迴演唱會–台北站,2017/02/11~02/13、02/17~02/19《學友•經典世界巡迴演唱會–台北站》
2017-02-18,學友•經典世界巡迴演唱會–台北站,2017/02/11~02/13、02/17~02/19《學友•經典世界巡迴演唱會–台北站》
2017-02-19,學友•經典世界巡迴演唱會–台北站,2017/02/11~02/13、02/17~02/19《學友•經典世界巡迴演唱會–台北站》
2016-11-26,EXO PLANET ＃3 - The EXO'rDIUM in Taipei,2016/11/26~11/27《EXO PLANET ＃3 - The EXO'rDIUM in Taipei》
2016-11-27,EXO PLANET ＃3 - The EXO'rDIUM in Taipei,2016/11/26~11/27《EXO PLANET ＃3 - The EXO'rDIUM in Taipei》
2016-09-30,2016商周創新之夜- 轉動大未來,2016/09/30《2016商周創新之夜- 轉動大未來》
2016-10-29,2016蕭煌奇神秘世界演唱會 台北場,2016/10/29《2016蕭煌奇神秘世界演唱會 台北場》
2016-11-05,林志炫ONEtake世界巡迴演唱會-台北站,2016/11/05《林志炫ONEtake世界巡迴演唱會-台北站》
2016-12-09,2016 如果 田馥甄巡迴演唱會PLUS,2016/12/09~12/11《2016 如果 田馥甄巡迴演唱會PLUS》
2016-12-10,2016 如果 田馥甄巡迴演唱會PLUS,2016/12/09~12/11《2016 如果 田馥甄巡迴演唱會PLUS》
2016-12-11,2016 如果 田馥甄巡迴演唱會PLUS,2016/12/09~12/11《2016 如果 田馥甄巡迴演唱會PLUS》
2016-10-19,今天唱什麼 華健30心頭好特別版 演唱會,2016/10/19《今天唱什麼 華健30心頭好特別版 演唱會》
2016-11-10,2016迪士尼卡通電影演唱會,2016/11/10《2016迪士尼卡通電影演唱會》
2016-09-03,國民體育日-2016super star體育表演會活動,2016/09/03《國民體育日-2016super star體育表演會活動》
2016-10-04,2016皮克斯動畫電影音樂會,2016/10/04《2016皮克斯動畫電影音樂會》
2016-06-25,第27屆金曲獎頒獎典禮,2016/06/25《第27屆金曲獎頒獎典禮》
2016-08-07,月光女神-莎拉布萊曼2016台北演唱會,2016/08/07《月光女神-莎拉布萊曼2016台北演唱會》
2016-08-06,盧廣仲2016台北小巨蛋What a Folk!!!!!!演唱會,2016/08/06《盧廣仲2016台北小巨蛋What a Folk!!!!!!演唱會》
2016-07-09,2016 CTC世界盃國際標準舞公開賽,2016/07/09《2016 CTC世界盃國際標準舞公開賽》
2016-07-17,安麗雅芝2016亞洲冰上盛典,2016/07/17《安麗雅芝2016亞洲冰上盛典》
2016-07-23,張韶涵2016《純粹》世界巡迴演唱會,2016/07/23《張韶涵2016《純粹》世界巡迴演唱會》
2016-06-28,YONEX 2016年中華臺北羽球公開賽,2016/06/28~07/03《YONEX 2016年中華臺北羽球公開賽》
2016-06-29,YONEX 2016年中華臺北羽球公開賽,2016/06/28~07/03《YONEX 2016年中華臺北羽球公開賽》
2016-06-30,YONEX 2016年中華臺北羽球公開賽,2016/06/28~07/03《YONEX 2016年中華臺北羽球公開賽》
2016-07-01,YONEX 2016年中華臺北羽球公開賽,2016/06/28~07/03《YONEX 2016年中華臺北羽球公開賽》
2016-07-02,YONEX 2016年中華臺北羽球公開賽,2016/06/28~07/03《YONEX 2016年中華臺北羽球公開賽》
2016-07-03,YONEX 2016年中華臺北羽球公開賽,2016/06/28~07/03《YONEX 2016年中華臺北羽球公開賽》
2016-08-14,美國鄉村歌王-肯尼‧羅傑斯告別巡迴演唱會,2016/08/14《美國鄉村歌王-肯尼‧羅傑斯告別巡迴演唱會》
2016-08-20,2016 ALin巡迴演唱會聲吶〔回聲 限定場〕Echo Limited,2016/08/20~08/21《2016 ALin巡迴演唱會聲吶〔回聲 限定場〕Echo Limited》
2016-08-21,2016 ALin巡迴演唱會聲吶〔回聲 限定場〕Echo Limited,2016/08/20~08/21《2016 ALin巡迴演唱會聲吶〔回聲 限定場〕Echo Limited》
2016-08-27,蔡健雅 2016巡迴演唱會 列穆尼亞 LEMURIA 台北場,2016/08/27《蔡健雅 2016巡迴演唱會 列穆尼亞 LEMURIA 台北場》
2016-08-01,2016愛最大-其實我們都一樣演唱會,2016/08/01《2016愛最大-其實我們都一樣演唱會》
2016-08-13,戴佩妮2016「賊」世界巡迴演唱會 台北場,2016/08/13《戴佩妮2016「賊」世界巡迴演唱會 台北場》
2016-07-29,2016羅志祥CRAZY WORLD TOUR瘋狂世界 台北場,2016/07/29~07/31《2016羅志祥CRAZY WORLD TOUR瘋狂世界 台北場》
2016-07-30,2016羅志祥CRAZY WORLD TOUR瘋狂世界 台北場,2016/07/29~07/31《2016羅志祥CRAZY WORLD TOUR瘋狂世界 台北場》
2016-07-31,2016羅志祥CRAZY WORLD TOUR瘋狂世界 台北場,2016/07/29~07/31《2016羅志祥CRAZY WORLD TOUR瘋狂世界 台北場》
2016-04-30,2016臺北母娘文化季弘揚母愛音樂會,2016/04/30~05/01《2016臺北母娘文化季弘揚母愛音樂會》
2016-05-01,2016臺北母娘文化季弘揚母愛音樂會,2016/04/30~05/01《2016臺北母娘文化季弘揚母愛音樂會》
2016-06-05,2016 hito流行音樂獎頒獎典禮,2016/06/05《2016 hito流行音樂獎頒獎典禮》
2016-04-08,2016年第45屆世界清晨盃暨吳文達紀念盃羽球錦標賽,2016/04/08~04/10《2016年第45屆世界清晨盃暨吳文達紀念盃羽球錦標賽》
2016-04-09,2016年第45屆世界清晨盃暨吳文達紀念盃羽球錦標賽,2016/04/08~04/10《2016年第45屆世界清晨盃暨吳文達紀念盃羽球錦標賽》
2016-04-10,2016年第45屆世界清晨盃暨吳文達紀念盃羽球錦標賽,2016/04/08~04/10《2016年第45屆世界清晨盃暨吳文達紀念盃羽球錦標賽》
2016-05-14,2016 謝金燕”蹦蹦趴” 巡迴演唱會,2016/05/14《2016 謝金燕”蹦蹦趴” 巡迴演唱會》
2016-06-17,林憶蓮 PRANAVA／造樂者世界巡迴演唱會 台北場,2016/06/17~06/18《林憶蓮 PRANAVA／造樂者世界巡迴演唱會 台北場》
2016-06-18,林憶蓮 PRANAVA／造樂者世界巡迴演唱會 台北場,2016/06/17~06/18《林憶蓮 PRANAVA／造樂者世界巡迴演唱會 台北場》
2016-04-22,iKONCERT 2016 SHOWTIME TOUR IN TAIPEI,2016/04/22《iKONCERT 2016 SHOWTIME TOUR IN TAIPEI》
2016-05-07,GIRLS' GENERATION 4th TOUR –Phantasia– in TAIPEI,2016/05/07~05/08《GIRLS' GENERATION 4th TOUR –Phantasia– in TAIPEI》
2016-05-08,GIRLS' GENERATION 4th TOUR –Phantasia– in TAIPEI,2016/05/07~05/08《GIRLS' GENERATION 4th TOUR –Phantasia– in TAIPEI》
2016-06-11,張洪量 你知道我在等你嗎 2016台北小巨蛋演唱會,2016/06/11《張洪量 你知道我在等你嗎 2016台北小巨蛋演唱會》
2016-04-24,臺北市105年度樂儀旗舞觀摩表演,2016/04/24《臺北市105年度樂儀旗舞觀摩表演》
2016-03-19,104學年度高中籃球甲級聯賽總決賽,2016/03/19~03/20《104學年度高中籃球甲級聯賽總決賽》
2016-03-20,104學年度高中籃球甲級聯賽總決賽,2016/03/19~03/20《104學年度高中籃球甲級聯賽總決賽》
2016-03-09,104學年度全國學生音樂比賽團體項目北區行進管樂比賽,2016/03/09《104學年度全國學生音樂比賽團體項目北區行進管樂比賽》
2016-04-01,陳奕迅 ANOTHER EASON'S LIFE 演唱會-台北站,2016/04/01~04/04《陳奕迅 ANOTHER EASON'S LIFE 演唱會-台北站》
2016-04-02,陳奕迅 ANOTHER EASON'S LIFE 演唱會-台北站,2016/04/01~04/04《陳奕迅 ANOTHER EASON'S LIFE 演唱會-台北站》
2016-04-03,陳奕迅 ANOTHER EASON'S LIFE 演唱會-台北站,2016/04/01~04/04《陳奕迅 ANOTHER EASON'S LIFE 演唱會-台北站》
2016-04-04,陳奕迅 ANOTHER EASON'S LIFE 演唱會-台北站,2016/04/01~04/04《陳奕迅 ANOTHER EASON'S LIFE 演唱會-台北站》
2016-05-15,民歌41高峰會,2016/05/15《民歌41高峰會》
2016-03-12,2016世界舞王爭霸賽,2016/03/12《2016世界舞王爭霸賽》
2016-03-05,namie amuro LIVE GENIC 2015-2016 IN TAIPEI,2016/03/05~03/06《namie amuro LIVE GENIC 2015-2016 IN TAIPEI》
2016-03-06,namie amuro LIVE GENIC 2015-2016 IN TAIPEI,2016/03/05~03/06《namie amuro LIVE GENIC 2015-2016 IN TAIPEI》
2016-05-21,動力火車『下一站』世界巡迴演唱會-2016台北旗艦場,2016/05/21《動力火車『下一站』世界巡迴演唱會-2016台北旗艦場》
2016-02-18,ISU 四大洲花式滑冰錦標賽,2016/02/18~02/21《ISU 四大洲花式滑冰錦標賽》
2016-02-19,ISU 四大洲花式滑冰錦標賽,2016/02/18~02/21《ISU 四大洲花式滑冰錦標賽》
2016-02-20,ISU 四大洲花式滑冰錦標賽,2016/02/18~02/21《ISU 四大洲花式滑冰錦標賽》
2016-02-21,ISU 四大洲花式滑冰錦標賽,2016/02/18~02/21《ISU 四大洲花式滑冰錦標賽》
2016-01-24,第11屆KKBOX風雲榜,2016/01/24《第11屆KKBOX風雲榜》
2016-01-09,2016超級巨星紅白藝能大賞,2016/01/09《2016超級巨星紅白藝能大賞》
2016-01-30,麥可佛萊利Michael Flatley 舞王2:危險遊戲,2016/01/30~01/31《麥可佛萊利Michael Flatley 舞王2:危險遊戲》
2016-01-31,麥可佛萊利Michael Flatley 舞王2:危險遊戲,2016/01/30~01/31《麥可佛萊利Michael Flatley 舞王2:危險遊戲》
2016-05-28,劉若英 我敢 Renext 2016世界巡迴演唱會-台北小巨蛋,2016/05/28《劉若英 我敢 Renext 2016世界巡迴演唱會-台北小巨蛋》
2016-03-26,張信哲【還愛光年】世界巡迴演唱會,2016/03/26《張信哲【還愛光年】世界巡迴演唱會》
2016-04-15,伍佰&China Blue 2016 搖滾全經典之雙面對決演唱會,2016/04/15~04/16《伍佰&China Blue 2016 搖滾全經典之雙面對決演唱會》
2016-04-16,伍佰&China Blue 2016 搖滾全經典之雙面對決演唱會,2016/04/15~04/16《伍佰&China Blue 2016 搖滾全經典之雙面對決演唱會》
2016-02-28,WDC職業國標舞世界大賽亞巡賽臺北站,2016/02/28《WDC職業國標舞世界大賽亞巡賽臺北站》
2015-12-11,2015蘇打綠《故事未了》台北小巨蛋演唱會,2015/12/11~12/13《2015蘇打綠《故事未了》台北小巨蛋演唱會》
2015-12-12,2015蘇打綠《故事未了》台北小巨蛋演唱會,2015/12/11~12/13《2015蘇打綠《故事未了》台北小巨蛋演唱會》
2015-12-13,2015蘇打綠《故事未了》台北小巨蛋演唱會,2015/12/11~12/13《2015蘇打綠《故事未了》台北小巨蛋演唱會》
2015-11-16,台北海碩國際女子網球挑戰賽,2015/11/16~11/21《台北海碩國際女子網球挑戰賽》
2015-11-17,台北海碩國際女子網球挑戰賽,2015/11/16~11/21《台北海碩國際女子網球挑戰賽》
2015-11-18,台北海碩國際女子網球挑戰賽,2015/11/16~11/21《台北海碩國際女子網球挑戰賽》
2015-11-19,台北海碩國際女子網球挑戰賽,2015/11/16~11/21《台北海碩國際女子網球挑戰賽》
2015-11-20,台北海碩國際女子網球挑戰賽,2015/11/16~11/21《台北海碩國際女子網球挑戰賽》
2015-11-21,台北海碩國際女子網球挑戰賽,2015/11/16~11/21《台北海碩國際女子網球挑戰賽》
2016-01-02,利來國際 2016王心凌Cyndi Wants!世界巡迴演唱會 台北站,2016/01/02《利來國際 2016王心凌Cyndi Wants!世界巡迴演唱會 台北站》
2016-01-16,ONE OK ROCK 2016 “35xxxv” ASIA TOUR – LIVE IN TAIWAN,2016/01/16~01/17《ONE OK ROCK 2016 “35xxxv” ASIA TOUR – LIVE IN TAIWAN》
2016-01-17,ONE OK ROCK 2016 “35xxxv” ASIA TOUR – LIVE IN TAIWAN,2016/01/16~01/17《ONE OK ROCK 2016 “35xxxv” ASIA TOUR – LIVE IN TAIWAN》
2015-10-24,仙角百老匯4-幸福の酸甘甜,2015/10/24《仙角百老匯4-幸福の酸甘甜》
2015-12-19,兄弟本色 日落黑趴世界巡迴演唱會,2015/12/19《兄弟本色 日落黑趴世界巡迴演唱會》
2016-02-04,瑪丹娜Rebel Heart Tour 2016台北演唱會,2016/02/04、02/06《瑪丹娜Rebel Heart Tour 2016台北演唱會》
2016-02-06,瑪丹娜Rebel Heart Tour 2016台北演唱會,2016/02/04、02/06《瑪丹娜Rebel Heart Tour 2016台北演唱會》
2015-12-26,張清芳 芳華盛宴演唱會,2015/12/26~12/27《張清芳 芳華盛宴演唱會》
2015-12-27,張清芳 芳華盛宴演唱會,2015/12/26~12/27《張清芳 芳華盛宴演唱會》
2015-10-09,慶祝中華民國104年國慶四海同心聯歡大會,2015/10/09《慶祝中華民國104年國慶四海同心聯歡大會》
2015-10-28,有任務的旅行Ｘ滅火器 Fire EX. 壯行首映會,2015/10/28《有任務的旅行Ｘ滅火器 Fire EX. 壯行首映會》
2015-11-28,遇恆・牽情 姜育恆2015全球巡迴演唱會,2015/11/28《遇恆・牽情 姜育恆2015全球巡迴演唱會》
2015-11-14,丁噹 Della [我愛你戀習曲] 演唱會,2015/11/14《丁噹 Della [我愛你戀習曲] 演唱會》
2015-09-05,2015 INFINITE 2nd WORLD TOUR INFINITE EFFECT IN TAIPEI,2015/09/05《2015 INFINITE 2nd WORLD TOUR INFINITE EFFECT IN TAIPEI》
2015-09-24,BIGBANG 2015 WORLD TOUR [MADE] IN TAIPEI,2015/09/24~09/27《BIGBANG 2015 WORLD TOUR [MADE] IN TAIPEI》
2015-09-25,BIGBANG 2015 WORLD TOUR [MADE] IN TAIPEI,2015/09/24~09/27《BIGBANG 2015 WORLD TOUR [MADE] IN TAIPEI》
2015-09-26,BIGBANG 2015 WORLD TOUR [MADE] IN TAIPEI,2015/09/24~09/27《BIGBANG 2015 WORLD TOUR [MADE] IN TAIPEI》
2015-09-27,BIGBANG 2015 WORLD TOUR [MADE] IN TAIPEI,2015/09/24~09/27《BIGBANG 2015 WORLD TOUR [MADE] IN TAIPEI》
2015-10-25,VGL電玩交響音樂會,2015/10/25《VGL電玩交響音樂會》
2015-12-04,大型音樂劇-小飛俠,2015/12/04~12/06《大型音樂劇-小飛俠》
2015-12-05,大型音樂劇-小飛俠,2015/12/04~12/06《大型音樂劇-小飛俠》
2015-12-06,大型音樂劇-小飛俠,2015/12/04~12/06《大型音樂劇-小飛俠》
2015-10-02,梁靜茹 你的名字是愛情 世界巡迴演唱會-台北站,2015/10/02~10/03《梁靜茹 你的名字是愛情 世界巡迴演唱會-台北站》
2015-10-03,梁靜茹 你的名字是愛情 世界巡迴演唱會-台北站,2015/10/02~10/03《梁靜茹 你的名字是愛情 世界巡迴演唱會-台北站》
2015-11-05,SAMSUNG 蔡依林 2015 PLAY 世界巡迴演唱會–台北站,2015/11/05~11/08《SAMSUNG 蔡依林 2015 PLAY 世界巡迴演唱會–台北站》
2015-11-06,SAMSUNG 蔡依林 2015 PLAY 世界巡迴演唱會–台北站,2015/11/05~11/08《SAMSUNG 蔡依林 2015 PLAY 世界巡迴演唱會–台北站》
2015-11-07,SAMSUNG 蔡依林 2015 PLAY 世界巡迴演唱會–台北站,2015/11/05~11/08《SAMSUNG 蔡依林 2015 PLAY 世界巡迴演唱會–台北站》
2015-11-08,SAMSUNG 蔡依林 2015 PLAY 世界巡迴演唱會–台北站,2015/11/05~11/08《SAMSUNG 蔡依林 2015 PLAY 世界巡迴演唱會–台北站》
2015-07-14,2015中華臺北羽球公開賽,2015/07/14~07/19《2015中華臺北羽球公開賽》
2015-07-15,2015中華臺北羽球公開賽,2015/07/14~07/19《2015中華臺北羽球公開賽》
2015-07-16,2015中華臺北羽球公開賽,2015/07/14~07/19《2015中華臺北羽球公開賽》
2015-07-17,2015中華臺北羽球公開賽,2015/07/14~07/19《2015中華臺北羽球公開賽》
2015-07-18,2015中華臺北羽球公開賽,2015/07/14~07/19《2015中華臺北羽球公開賽》
2015-07-19,2015中華臺北羽球公開賽,2015/07/14~07/19《2015中華臺北羽球公開賽》
2015-10-15,大型冰上音樂劇-冰原歷險記,2015/10/15~10/19《大型冰上音樂劇-冰原歷險記》
2015-10-16,大型冰上音樂劇-冰原歷險記,2015/10/15~10/19《大型冰上音樂劇-冰原歷險記》
2015-10-17,大型冰上音樂劇-冰原歷險記,2015/10/15~10/19《大型冰上音樂劇-冰原歷險記》
2015-10-18,大型冰上音樂劇-冰原歷險記,2015/10/15~10/19《大型冰上音樂劇-冰原歷險記》
2015-10-19,大型冰上音樂劇-冰原歷險記,2015/10/15~10/19《大型冰上音樂劇-冰原歷險記》
2015-07-01,「在地30用心堅持」摩根30周年活動,2015/07/01《「在地30用心堅持」摩根30周年活動》
2015-09-19,莫文蔚<看看>世界巡迴演唱會2015,2015/09/19《莫文蔚<看看>世界巡迴演唱會2015》
2015-09-12,2015韋禮安 放開那女孩演唱會,2015/09/12《2015韋禮安 放開那女孩演唱會》
