slice,n,days,mean actual,Trivial: training mean,Persistence-type: last week same slot,Same holiday last time (else last week),Seasonal mean: slot x weekday,Simple: OLS on last week only,Ours: compact linear (median regression),Strong: GBM (L1),Strong: GBM (log),Flexible linear: large one-hot Ridge,Exploratory: ours + last-year feature
all slots,8715,365,31.7,2.82,1.9,1.8,1.74,2.1,1.42,1.38,1.5,1.44,1.39
ordinary (weekday+sat+sun),7709,323,31.5,2.73,1.74,1.74,1.56,1.97,1.35,1.32,1.41,1.36,1.32
Saturday 08-17h,378,42,43.4,11.79,10.28,10.28,9.03,9.37,9.03,9.08,9.02,9.12,8.77
holiday days (long weekend + eve),934,39,32.7,3.51,3.23,2.34,3.24,3.19,2.0,1.83,2.17,2.12,1.95
"long weekend, all hours",742,31,32.7,3.63,3.4,2.46,3.38,3.32,1.69,1.75,2.06,2.06,1.64
long weekend 08-18h,310,31,36.0,5.37,6.27,4.64,6.4,5.52,2.96,3.09,3.3,3.68,2.94
long weekend morning 07-12h,155,31,32.8,1.98,2.68,2.03,3.24,2.11,1.27,1.16,1.56,1.36,1.2
lw_first 10-18h,64,8,46.7,14.95,12.89,8.36,11.58,13.12,6.25,7.72,7.01,8.89,6.07
eve 16-23h,64,8,36.5,5.2,5.84,3.81,5.74,5.44,7.83,4.59,5.14,4.89,7.67
long weekend night 0-6h + 20-24h,308,31,29.6,2.32,0.87,0.59,0.7,1.48,0.48,0.49,0.99,0.58,0.43
holiday days WITH last-year value,742,31,32.8,3.6,3.23,2.11,3.38,3.24,2.0,1.83,2.14,2.15,1.93
long weekend 08-18h WITH last-year value,250,25,36.0,5.29,5.84,3.81,6.37,5.28,2.79,3.04,3.25,3.62,2.73
