slice,n,last week (lag 7d),"same holiday last time, else last week",mean per slot x weekday (weighted),trivial: training mean,simple: OLS on last week only,Ridge (selected),"Ridge log, other settings as selected","Ridge l1, other settings as selected",Ridge (selected) without last-year feature,Ridge (selected) with last-year feature,GBM log (same weights),GBM L1 (same weights)
all slots,8715,0.01,-0.11,-0.19,-0.2,-0.06,0.38,-0.08,0.38,0.38,0.34,-0.05,0.58
ordinary (weekday+sat+sun),7709,-0.13,-0.13,-0.23,-0.32,-0.19,0.38,-0.02,0.38,0.38,0.34,0.0,0.55
Saturday,1005,0.29,0.29,-0.79,3.83,1.75,0.2,-0.49,0.2,0.2,0.2,-0.41,0.87
Saturday 08-17h,378,0.59,0.59,-1.62,11.57,5.08,-0.11,-0.93,-0.11,-0.11,-0.1,-0.68,1.83
holiday days (long weekend + eve),934,1.01,-0.07,0.24,0.86,0.97,0.45,-0.52,0.45,0.45,0.33,-0.43,0.84
"long weekend, all hours",742,0.71,-0.1,-0.03,0.82,0.77,0.52,-0.17,0.52,0.52,0.45,-0.3,0.98
long weekend 08-18h,310,1.65,-0.12,-0.27,4.19,2.7,0.87,-0.39,0.87,0.87,0.88,-0.08,1.82
long weekend morning 07-12h,155,-0.37,-0.87,-2.68,0.95,0.18,-0.81,-0.83,-0.81,-0.81,-0.68,-1.09,-1.08
lw_first 10-18h,64,10.41,5.74,7.94,14.82,12.22,7.16,2.63,7.16,7.16,6.59,3.63,8.1
eve 16-23h,64,5.76,-0.27,5.11,4.66,5.33,1.22,-3.82,1.22,1.22,0.28,-1.62,1.12
long weekend night 0-6h + 20-24h,308,-0.22,-0.25,0.04,-2.22,-1.02,0.27,0.1,0.27,0.27,0.11,-0.65,0.2
holiday days WITH last-year value,742,1.24,-0.12,0.37,0.96,1.14,0.53,-0.45,0.53,0.53,0.37,-0.32,0.94
holiday days WITHOUT last-year value,192,0.14,0.14,-0.28,0.47,0.29,0.15,-0.82,0.15,0.15,0.18,-0.86,0.44
long weekend 08-18h WITH last-year value,250,2.04,-0.16,-0.24,4.11,2.9,0.72,-0.55,0.72,0.72,0.71,-0.13,1.75
[ex post] actual >= 1.25 x free flow,736,6.82,5.61,7.35,14.01,9.77,8.18,6.64,8.18,8.18,7.76,6.96,9.37
[ex post] actual >= 1.5 x free flow,374,11.2,9.91,12.43,20.61,15.04,13.4,11.55,13.4,13.4,12.77,11.89,14.73
