split,subset,model,n,WAPE,MAPE(y>=1),n(y>=1),MAPE(y>=100),n(y>=100),MAPE(y>=500),n(y>=500),sMAPE
test,all,lag_7d,5106,21.3,35.4,4714,30.6,4291,20.1,3330,25.7
test,all,L1,5106,10.8,19.2,4714,13.9,4291,9.6,3330,18.5
test,all,Poisson,5106,11.9,21.6,4714,16.3,4291,11.1,3330,29.0
test,all,blend,5106,11.0,19.5,4714,14.7,4291,10.0,3330,24.9
test,event_day,lag_7d,1512,37.4,50.7,1405,39.6,1257,33.3,931,35.5
test,event_day,L1,1512,20.8,30.6,1405,19.6,1257,16.5,931,26.7
test,event_day,Poisson,1512,22.6,34.5,1405,23.3,1257,19.7,931,35.0
test,event_day,blend,1512,21.2,31.3,1405,20.7,1257,17.6,931,31.7
test,non_event_day,lag_7d,3594,15.2,28.9,3309,26.8,3034,15.0,2399,21.6
test,non_event_day,L1,3594,7.1,14.4,3309,11.5,3034,7.0,2399,15.1
test,non_event_day,Poisson,3594,7.9,16.1,3309,13.4,3034,7.7,2399,26.5
test,non_event_day,blend,3594,7.3,14.5,3309,12.2,3034,7.1,2399,22.0
test,end_hour(+1),lag_7d,117,59.3,85.1,117,67.7,116,56.5,114,79.5
test,end_hour(+1),L1,117,40.7,74.0,117,52.9,116,40.0,114,44.1
test,end_hour(+1),Poisson,117,41.3,83.8,117,55.5,116,45.0,114,44.4
test,end_hour(+1),blend,117,40.1,77.7,117,53.0,116,41.3,114,43.1
test,daytime 07-22h,lag_7d,3888,19.8,31.8,3888,28.2,3871,19.3,3293,20.8
test,daytime 07-22h,L1,3888,10.1,16.3,3888,13.0,3871,9.2,3293,11.1
test,daytime 07-22h,Poisson,3888,11.1,18.3,3888,15.1,3871,10.6,3293,12.5
test,daytime 07-22h,blend,3888,10.3,17.0,3888,13.7,3871,9.6,3293,11.5
