slice,n,days,mean actual,last week (lag 7d) | MAE,mean per slot x weekday | MAE,Ridge log | MAE,Ridge log + smearing (in-sample) | MAE,Ridge log + smearing (out-of-fold) | MAE,Ridge log + smearing (by predicted level) | MAE,Ridge L1 | MAE,GBM log | MAE,GBM L1 | MAE
all slots,8715,365,31.7,1.9,1.66,1.54,1.57,1.61,1.6,1.45,1.54,1.43
"long weekend, all hours",742,31,32.7,3.4,3.38,2.52,2.56,2.61,2.63,2.5,2.49,2.25
[ex ante] long weekend 08-18h,310,31,36.0,6.27,6.42,4.22,4.25,4.29,4.36,4.66,4.31,4.18
[ex ante] long weekend morning 07-12h,155,31,32.8,2.68,3.21,1.53,1.58,1.64,1.75,1.61,1.67,1.34
[ex ante] lw_first 10-18h,64,8,46.7,12.89,11.73,8.6,8.54,8.49,8.27,11.14,9.96,11.57
[ex ante] Saturday 08-17h,378,42,43.4,10.28,9.05,9.03,9.03,9.03,9.05,9.09,9.03,9.08
[ex ante] ordinary weekday 16-20h,952,238,31.0,1.23,0.88,0.78,0.82,0.88,0.83,0.71,0.76,0.7
[ex post] actual >= 1.25 x free flow,718,168,46.1,10.14,9.57,9.08,8.98,8.89,8.6,10.3,9.4,10.66
[ex post] actual >= 1.5 x free flow,367,81,52.6,13.86,14.22,13.86,13.73,13.62,13.18,15.66,14.36,16.0
"[ex post] long weekend, actual >= 1.25 x FF",97,17,46.5,13.37,12.28,7.93,7.84,7.76,7.47,10.43,9.33,11.19
"[ex post] long weekend, actual >= 1.5 x FF",50,11,53.1,19.06,17.87,12.66,12.53,12.41,11.88,17.23,15.13,18.09
"long weekend, night 00-06h + 20-24h",308,31,29.6,0.87,0.64,1.09,1.13,1.18,1.17,0.61,0.85,0.52
