slice,n,last week (lag 7d),mean per slot x weekday,"same holiday last time, else last week",T24 Ridge log,T24 Ridge log +ly,T24 Ridge L1,T24 Ridge log [eve=own type],T24 Ridge log [eve ignored],T24 Ridge log [eve x bin x Fri/other],T24 GBM log,T24 GBM L1,T2324 Ridge log,T2324 Ridge log +ly,T2324 Ridge L1,T2324 Ridge log [eve=own type],T2324 Ridge log [eve ignored],T2324 Ridge log [eve x bin x Fri/other],T2324 GBM log,T2324 GBM L1,mean per slot x weekday (2023+24)
all slots,8715,0.01,0.18,-0.11,0.2,0.25,0.49,0.2,0.25,0.2,0.26,0.74,-0.07,0.04,0.43,-0.07,-0.05,-0.09,-0.05,0.58,-0.19
ordinary (weekday+sat+sun),7709,-0.13,0.12,-0.13,0.29,0.25,0.62,0.29,0.26,0.29,0.29,0.68,-0.01,0.03,0.42,-0.01,-0.04,-0.01,0.0,0.55,-0.23
holiday days (long weekend + eve),934,1.01,0.72,-0.07,-0.48,0.24,-0.57,-0.49,0.18,-0.46,0.07,1.21,-0.58,0.09,0.54,-0.57,-0.04,-0.74,-0.43,0.84,0.24
"long weekend, all hours",742,0.71,0.47,-0.1,-0.23,0.44,-0.51,-0.23,-0.24,-0.23,0.19,1.12,-0.43,0.28,0.62,-0.43,-0.45,-0.44,-0.3,0.98,-0.03
long weekend 08-18h,310,1.65,0.92,-0.12,0.26,1.28,-0.75,0.28,0.25,0.26,0.57,2.23,-0.33,0.64,1.38,-0.31,-0.34,-0.34,-0.08,1.82,-0.27
long weekend morning 07-12h,155,-0.37,-1.35,-0.87,-0.65,-0.27,-0.18,-0.6,-0.65,-0.65,-0.3,-0.2,-0.8,-0.09,-0.61,-0.77,-0.8,-0.8,-1.09,-1.08,-2.68
"lw_first, all hours",191,4.35,4.15,2.01,1.37,3.04,0.7,1.35,1.35,1.36,1.83,4.86,-0.26,0.55,3.12,-0.26,-0.28,-0.28,0.31,3.47,3.47
lw_first 10-18h,64,10.41,9.44,5.74,6.42,8.9,2.96,6.44,6.4,6.41,5.92,11.41,3.17,4.74,8.8,3.2,3.15,3.13,3.63,8.1,7.94
lw_mid,359,-0.43,-0.84,-1.27,-1.02,-0.7,-1.34,-1.02,-1.03,-1.02,-0.57,-0.24,-0.52,0.17,-0.32,-0.52,-0.54,-0.53,-0.67,0.19,-1.41
lw_last,192,-0.75,-0.74,-0.02,-0.34,-0.0,-0.15,-0.32,-0.34,-0.35,-0.03,-0.06,-0.43,0.23,-0.13,-0.43,-0.44,-0.44,-0.23,-0.02,-0.94
"eve, all hours",192,2.18,1.66,0.05,-1.46,-0.52,-0.81,-1.48,1.8,-1.35,-0.4,1.55,-1.13,-0.66,0.23,-1.13,1.55,-1.89,-0.91,0.28,1.29
eve 16-23h,64,5.76,5.36,-0.27,-3.14,-0.57,-2.64,-2.1,5.49,-2.32,-2.05,4.69,-2.38,-1.94,1.0,-1.94,5.34,-3.81,-1.62,1.12,5.11
"eve, Friday 16-23h",24,3.27,2.22,-0.65,-6.49,-3.01,-5.12,-5.4,2.47,-1.78,-2.45,2.38,-5.85,-4.57,-1.5,-5.37,2.09,-1.58,-0.93,0.0,1.68
"eve, other weekday 16-23h",40,7.26,7.25,-0.05,-1.13,0.9,-1.16,-0.13,7.29,-2.64,-1.81,6.08,-0.3,-0.36,2.5,0.12,7.29,-5.15,-2.04,1.8,7.17
Saturday 08-17h,378,0.59,1.13,0.59,2.01,2.09,2.76,2.01,2.01,2.01,1.93,3.49,-0.92,-0.15,0.35,-0.92,-0.92,-0.92,-0.68,1.83,-1.62
long weekend night 0-6h + 20-24h,308,-0.22,0.02,-0.25,-0.69,-0.37,-0.15,-0.71,-0.7,-0.69,-0.17,0.07,-0.63,-0.16,-0.12,-0.64,-0.65,-0.64,-0.65,0.2,0.04
holiday days WITH last-year value,742,1.24,0.85,-0.12,-0.31,0.23,-0.41,-0.31,0.32,-0.31,0.17,1.28,-0.47,0.36,0.63,-0.47,0.04,-0.66,-0.32,0.94,0.37
holiday days WITHOUT last-year value,192,0.14,0.23,0.14,-1.16,0.3,-1.21,-1.17,-0.35,-1.06,-0.32,0.94,-0.99,-0.95,0.18,-0.98,-0.32,-1.06,-0.86,0.44,-0.28
