slice,n,share_%,std_dhr,persistence_MAE,extrapolation_MAE,ridge_raw_MAE,ridge_all_MAE,lgbm_all_MAE,ridge_all_vs_persist_%
all,1569940,100.0,7.28,4.33,4.29,4.39,4.29,4.05,0.9
|dspeed60| < 0.1,562063,35.8,6.01,3.53,3.47,3.66,3.54,3.33,-0.3
0.1-0.3,583762,37.2,6.48,3.89,3.83,3.98,3.87,3.67,0.4
0.3-0.5,201472,12.8,7.52,4.63,4.58,4.65,4.58,4.37,1.0
0.5-1.0,141217,9.0,9.09,5.81,5.81,5.75,5.7,5.4,1.9
>= 1.0,81426,5.2,13.69,9.72,9.99,9.42,9.34,8.48,3.9
accelerating (dspeed60 > +0.5),112391,7.2,9.73,6.43,6.76,6.33,6.31,5.76,1.9
decelerating (dspeed60 < -0.5),110251,7.0,12.16,8.07,7.94,7.87,7.77,7.3,3.7
|dgrade60| > 0.05,234396,14.9,8.62,5.41,5.36,5.43,5.33,5.04,1.6
uphill (grade > 0.05),98194,6.3,8.76,5.67,5.55,5.74,5.66,5.3,0.1
downhill (grade < -0.05),84066,5.4,9.22,6.1,5.97,6.01,5.9,5.6,3.2
flat (|grade| < 0.02),1057962,67.4,6.83,3.95,3.93,4.05,3.95,3.71,-0.1
transition (|dspeed60|>0.5 or |dgrade60|>0.05),393721,25.1,9.66,6.13,6.16,6.08,6.0,5.61,2.2
steady (|dspeed60|<0.1 and |dgrade60|<0.02),385761,24.6,5.75,3.32,3.26,3.47,3.35,3.14,-0.9
HR rising fast (hr_slope60 > 0.1),172605,11.0,10.45,7.1,7.25,7.0,6.96,6.52,1.9
