slice,n,days,last week (lag 7d),"same holiday last time, else last week",mean per slot x weekday (2024),"Ridge log, train 2024","Ridge log, 2023+2024 uniform","Ridge log, 2023 ordinary x0.1","Ridge log +ly, train 2024","Ridge log +ly, 2023+2024 uniform","Ridge log +ly, 2023 ordinary x0.1"
all slots,8715,365,1.9,1.8,1.65,1.53,1.59,1.5,1.47,1.51,1.47
ordinary (weekday+sat+sun),7709,323,1.74,1.74,1.46,1.4,1.5,1.41,1.36,1.41,1.38
weekday,5672,238,1.42,1.42,1.08,1.02,1.13,1.04,1.02,1.09,1.03
sat,1005,42,4.7,4.7,4.41,4.35,4.43,4.34,4.1,4.09,4.14
sun,1032,43,0.63,0.63,0.65,0.59,0.65,0.59,0.55,0.58,0.56
holiday days (long weekend + eve),934,39,3.23,2.34,3.21,2.65,2.4,2.25,2.44,2.37,2.23
"long weekend, all hours",742,31,3.4,2.46,3.36,2.51,2.25,2.08,2.46,2.33,2.12
long weekend 08-18h,310,31,6.27,4.64,6.37,4.18,3.34,3.13,4.3,3.29,3.15
lw_first 10-18h,64,8,12.89,8.36,11.73,8.59,6.26,5.45,10.03,6.91,5.7
eve 16-23h,64,8,5.84,3.81,5.92,7.12,6.37,6.43,4.8,4.94,5.69
Saturday 08-17h,378,42,10.28,10.28,9.05,9.03,9.26,9.02,8.5,8.53,8.64
