group,windows,candidate,baseline,minutes_saved_per_window,ci95_low,ci95_high
ordinary (weekday+sat+sun),all,Ridge calendar (log),leave at window start,1.04,0.87,1.22
ordinary (weekday+sat+sun),all,Ridge calendar (log),mean per hour x weekday,-0.0,-0.05,0.03
ordinary (weekday+sat+sun),all,Ridge calendar (log),last week (lag 7d),0.2,0.08,0.31
ordinary (weekday+sat+sun),range >= 5 min,Ridge calendar (log),leave at window start,3.02,2.35,3.74
ordinary (weekday+sat+sun),range >= 5 min,Ridge calendar (log),mean per hour x weekday,-0.03,-0.24,0.13
ordinary (weekday+sat+sun),range >= 5 min,Ridge calendar (log),last week (lag 7d),0.77,0.26,1.29
holiday days (long weekend + eve),all,Ridge calendar (log),leave at window start,1.15,0.3,1.98
holiday days (long weekend + eve),all,Ridge calendar (log),mean per hour x weekday,0.84,-0.04,1.77
holiday days (long weekend + eve),all,Ridge calendar (log),last week (lag 7d),0.62,-0.17,1.46
holiday days (long weekend + eve),range >= 5 min,Ridge calendar (log),leave at window start,2.6,0.13,4.75
holiday days (long weekend + eve),range >= 5 min,Ridge calendar (log),mean per hour x weekday,2.19,-0.2,4.58
holiday days (long weekend + eve),range >= 5 min,Ridge calendar (log),last week (lag 7d),1.46,-0.85,3.71
long weekend days only,all,Ridge calendar (log),leave at window start,1.91,1.21,2.74
long weekend days only,all,Ridge calendar (log),mean per hour x weekday,1.46,0.63,2.47
long weekend days only,all,Ridge calendar (log),last week (lag 7d),1.11,0.39,2.0
long weekend days only,range >= 5 min,Ridge calendar (log),leave at window start,4.61,3.1,6.08
long weekend days only,range >= 5 min,Ridge calendar (log),mean per hour x weekday,4.05,1.86,6.21
long weekend days only,range >= 5 min,Ridge calendar (log),last week (lag 7d),2.92,0.98,5.04
sat,all,Ridge calendar (log),leave at window start,3.38,2.56,4.28
sat,all,Ridge calendar (log),mean per hour x weekday,0.0,0.0,0.0
sat,all,Ridge calendar (log),last week (lag 7d),0.82,0.26,1.46
sat,range >= 5 min,Ridge calendar (log),leave at window start,5.38,4.37,6.4
sat,range >= 5 min,Ridge calendar (log),mean per hour x weekday,0.0,0.0,0.0
sat,range >= 5 min,Ridge calendar (log),last week (lag 7d),1.43,0.52,2.42
lw_first,all,Ridge calendar (log),leave at window start,3.94,1.83,5.85
lw_first,all,Ridge calendar (log),mean per hour x weekday,3.29,0.5,6.1
lw_first,all,Ridge calendar (log),last week (lag 7d),2.55,-0.03,5.31
lw_first,range >= 5 min,Ridge calendar (log),leave at window start,5.43,2.63,7.82
lw_first,range >= 5 min,Ridge calendar (log),mean per hour x weekday,4.57,0.67,8.78
lw_first,range >= 5 min,Ridge calendar (log),last week (lag 7d),3.54,-0.07,7.55
