group,windows,n_windows,n_days,mean_range_min,leave at window start,last week (lag 7d),mean per hour x weekday,Ridge calendar,Ridge calendar (log),Ridge calendar+lags (log),oracle
ordinary (weekday+sat+sun),all,1287,323,3.22,1.46,0.54,0.39,0.39,0.38,0.36,0.0
ordinary (weekday+sat+sun),range >= 5 min,217,145,11.46,5.16,2.35,1.5,1.5,1.51,1.43,0.0
holiday days (long weekend + eve),all,156,39,4.75,2.06,1.64,1.98,1.13,1.1,1.01,0.0
holiday days (long weekend + eve),range >= 5 min,47,23,12.01,5.75,4.65,5.91,3.24,3.12,2.82,0.0
long weekend days only,all,124,31,4.85,2.36,1.81,2.2,0.82,0.77,0.66,0.0
long weekend days only,range >= 5 min,40,18,12.08,6.32,5.05,6.29,2.26,2.12,1.77,0.0
sat,all,168,42,7.6,3.57,1.34,0.72,0.72,0.72,0.74,0.0
sat,range >= 5 min,82,32,13.48,6.09,2.45,1.02,1.02,1.02,1.08,0.0
lw_first,all,32,8,10.82,5.3,4.5,5.32,2.02,2.02,1.63,0.0
lw_first,range >= 5 min,23,8,14.28,7.3,6.21,7.35,2.79,2.79,2.25,0.0
