slice,n,days,last week (lag 7d),mean per slot x weekday,Ridge eve=own type (old),Ridge eve=own type (old) +lags,Ridge eve=ignored,Ridge eve=ignored +lags,Ridge eve x evening bin,Ridge eve x evening bin +lags,Ridge eve x bin x Fri/other,Ridge eve x bin x Fri/other +lags,GBM L1,GBM log,GBM L1 +lags,GBM log +lags
all,8015,338,1.71,1.55,1.39,1.33,1.41,1.35,1.39,1.33,1.39,1.33,1.26,1.4,1.24,1.36
ordinary (weekday+sat+sun),7516,317,1.61,1.48,1.33,1.26,1.35,1.28,1.33,1.26,1.33,1.26,1.19,1.34,1.18,1.29
holiday days (long weekend + eve),404,17,3.07,2.88,2.5,2.48,2.63,2.66,2.51,2.52,2.49,2.52,2.43,2.57,2.39,2.68
long weekend days only,332,14,2.71,2.51,2.23,2.26,2.24,2.27,2.23,2.27,2.24,2.27,2.16,2.43,2.09,2.47
eve_of_long (all hours),72,3,4.73,4.58,3.73,3.51,4.45,4.47,3.81,3.7,3.66,3.67,3.68,3.25,3.75,3.62
eve_of_long 16-23h,24,3,11.46,10.74,8.91,8.76,10.77,11.06,8.84,8.71,8.55,8.65,9.27,6.41,9.42,8.27
"eve, Friday",24,1,2.31,3.03,2.01,1.59,2.6,2.39,1.99,1.63,2.1,1.97,1.86,2.0,2.05,1.93
"eve, other weekday",48,2,5.94,5.35,4.59,4.48,5.37,5.51,4.73,4.73,4.43,4.52,4.58,3.88,4.61,4.47
"eve, Friday 16-23h",8,1,6.34,5.32,4.01,3.75,5.27,5.79,3.81,3.58,4.5,4.59,4.56,4.21,5.5,4.34
"eve, other weekday 16-23h",16,2,14.02,13.44,11.36,11.27,13.53,13.7,11.35,11.27,10.57,10.69,11.63,7.51,11.38,10.24
lw_first,72,3,3.68,3.41,4.92,4.73,4.93,4.76,4.93,4.76,4.95,4.76,4.62,4.98,3.5,5.04
sat,1056,44,4.64,3.8,3.8,3.69,3.8,3.69,3.8,3.69,3.8,3.69,3.74,3.8,3.64,3.78
weekday,5385,228,1.2,1.2,1.01,0.94,1.04,0.96,1.01,0.94,1.01,0.94,0.85,1.01,0.85,0.94
