slice,set,C better than set by %,ci95_low,ci95_high
all slots,A,16.0,9.2,22.1
all slots,B,1.1,0.3,1.9
all slots,C-interactions,4.3,2.5,6.3
all slots,C-holiday structure,7.4,4.2,10.5
all slots,C-weekly rhythm (slot x weekday),0.8,-0.4,2.0
all slots,C-eve effect,0.6,-0.5,1.8
all slots,C-ly,0.0,0.0,0.0
holiday days (long weekend + eve),A,27.3,19.6,33.3
holiday days (long weekend + eve),B,4.3,0.2,9.5
holiday days (long weekend + eve),C-interactions,21.4,15.6,27.1
holiday days (long weekend + eve),C-holiday structure,33.5,25.1,41.1
holiday days (long weekend + eve),C-weekly rhythm (slot x weekday),-8.5,-13.7,-4.6
holiday days (long weekend + eve),C-eve effect,3.5,-3.4,9.9
holiday days (long weekend + eve),C-ly,0.0,0.0,0.0
long weekend 08-18h,A,33.5,22.9,41.6
long weekend 08-18h,B,2.9,-1.8,8.9
long weekend 08-18h,C-interactions,24.3,19.4,30.0
long weekend 08-18h,C-holiday structure,43.7,36.0,51.7
long weekend 08-18h,C-weekly rhythm (slot x weekday),-10.1,-18.0,-4.7
long weekend 08-18h,C-eve effect,-0.0,-0.1,-0.0
long weekend 08-18h,C-ly,0.0,0.0,0.0
lw_first 10-18h,A,37.6,33.9,43.2
lw_first 10-18h,B,-6.8,-12.1,-0.0
lw_first 10-18h,C-interactions,19.3,13.4,24.5
lw_first 10-18h,C-holiday structure,29.7,20.4,37.2
lw_first 10-18h,C-weekly rhythm (slot x weekday),-3.5,-8.8,1.3
lw_first 10-18h,C-eve effect,-0.0,-0.1,0.0
lw_first 10-18h,C-ly,0.0,0.0,0.0
