fold,model,mae_all,mae_holiday
2024-01-01,last week (lag 7d),2.0097673749198703,3.346079307223175
2024-01-01,"same holiday last time, else last week",1.8943214998101778,2.167660091480846
2024-01-01,mean per slot x weekday (weighted),1.9408024546335452,2.522187016507499
2024-01-01,trivial: training mean,2.9401261978788455,3.3234056603438322
2024-01-01,simple: OLS on last week only,2.065867394952114,2.9864040486280268
2024-01-01,Ridge (selected),1.575987994096154,2.1703577991703846
2024-01-01,GBM log (same weights),1.911055294492052,3.6685119216989115
2024-01-01,GBM L1 (same weights),1.5820070127871415,2.389613229006742
2024-04-01,last week (lag 7d),1.4703983537370635,2.680473718668163
2024-04-01,"same holiday last time, else last week",1.6272474669894026,4.2562263842124946
2024-04-01,mean per slot x weekday (weighted),1.8782352460908145,3.8358438816671634
2024-04-01,trivial: training mean,2.9392940054458356,3.888366575994431
2024-04-01,simple: OLS on last week only,1.7799936702810366,2.9374643075280775
2024-04-01,Ridge (selected),1.4242413047333895,2.7471599150804034
2024-04-01,GBM log (same weights),1.6453163264154484,3.067051720353578
2024-04-01,GBM L1 (same weights),1.4040198475536565,2.8275543739505276
2024-07-01,last week (lag 7d),2.099422491923659,
2024-07-01,"same holiday last time, else last week",2.099422491923659,
2024-07-01,mean per slot x weekday (weighted),1.5337632696642882,
2024-07-01,trivial: training mean,3.285848515267768,
2024-07-01,simple: OLS on last week only,2.206097476086734,
2024-07-01,Ridge (selected),1.430240930653085,
2024-07-01,GBM log (same weights),1.445760980970797,
2024-07-01,GBM L1 (same weights),1.471128951884573,
2024-10-01,last week (lag 7d),1.358092525641345,
2024-10-01,"same holiday last time, else last week",1.358092525641345,
2024-10-01,mean per slot x weekday (weighted),1.5553779945017647,
2024-10-01,trivial: training mean,2.4228318406145086,
2024-10-01,simple: OLS on last week only,1.578189989235113,
2024-10-01,Ridge (selected),1.1965831082489229,
2024-10-01,GBM log (same weights),1.4043544212380568,
2024-10-01,GBM L1 (same weights),1.2075530593495458,
