slice,n,last week (lag 7d) MAE,mean per hour x weekday MAE,Ridge calendar MAE,Ridge calendar+lags MAE,Ridge calendar (log) MAE,Ridge calendar+lags (log) MAE,best Ridge vs last week %
all,17431,1.95,1.7,1.61,1.63,1.56,1.57,20.0
ordinary (weekday+sat+sun),15417,1.8,1.51,1.47,1.44,1.44,1.4,22.2
holiday days (long weekend + eve),1870,3.27,3.26,2.73,3.19,2.61,2.99,20.2
long weekend days only,1486,3.44,3.41,2.51,2.96,2.42,2.81,29.7
weekday,11340,1.47,1.13,1.1,1.1,1.07,1.06,27.9
sat,2013,4.76,4.45,4.44,4.2,4.38,4.12,13.4
sun,2064,0.68,0.68,0.63,0.59,0.62,0.58,14.7
eve_of_long,384,2.6,2.68,3.55,4.09,3.37,3.72,-29.6
lw_first,383,6.49,5.82,4.24,5.67,4.39,5.56,34.7
lw_mid,719,3.2,3.52,2.59,2.72,2.37,2.5,25.9
lw_last,384,0.85,0.82,0.64,0.72,0.54,0.63,36.5
single_holiday,96,1.53,1.42,1.2,1.28,1.22,1.26,21.6
makeup_workday,48,2.03,3.34,1.96,1.96,1.67,1.82,17.7
