setting,group,windows,days,leave at window start,Trivial: training mean,"Last week, same hour",Same holiday last time,Seasonal mean: hour x weekday,Simple: OLS on last week,Ours: compact median linear,Strong: GBM (L1),Strong: GBM (log),Flexible linear: large one-hot ridge,share<=1min (ours)
P: train 2023-2025,all,962,243,1.492,1.492,0.577,0.48,0.525,0.577,0.456,0.395,0.415,0.423,0.928
P: train 2023-2025,ordinary days,851,215,1.424,1.424,0.453,0.453,0.374,0.453,0.435,0.369,0.409,0.396,0.935
P: train 2023-2025,long-weekend days,87,22,2.324,2.324,1.704,0.712,1.857,1.704,0.454,0.469,0.456,0.46,0.897
P: train 2023-2025,LW first day,20,5,5.497,5.497,4.057,1.482,6.058,4.057,1.092,1.092,1.093,1.092,0.85
P: train 2023-2025,eve,20,5,0.961,0.961,1.0,0.651,1.272,1.0,1.447,1.271,0.573,1.538,0.75
S: train 2023-2024,all,962,243,1.492,1.492,0.577,0.48,0.636,0.577,0.469,0.411,0.442,0.454,0.925
S: train 2023-2024,ordinary days,851,215,1.424,1.424,0.453,0.453,0.415,0.453,0.435,0.396,0.434,0.428,0.935
S: train 2023-2024,long-weekend days,87,22,2.324,2.324,1.704,0.712,2.669,1.704,0.551,0.453,0.457,0.485,0.874
S: train 2023-2024,LW first day,20,5,5.497,5.497,4.057,1.482,9.617,4.057,1.515,1.092,1.092,1.091,0.75
S: train 2023-2024,eve,20,5,0.961,0.961,1.0,0.651,1.332,1.0,1.645,0.951,0.764,1.538,0.7
