loss,eve,ly,w,night,mae_ordinary,mae_holiday,n_holiday_rows,mae_all,fold_mae_mean,fold_mae_sd,score
l1,by_dow,0,1.0,1,1.3506092871776998,2.461454194115628,428,1.4057983603236806,1.4067633344328878,0.1567050200078636,1.9060317406466638
l1,by_dow,1,1.0,1,1.3226859010421796,2.4945133720416144,428,1.3817181213255822,1.3827951670195835,0.17111912101089954,1.9085996365418971
l1,shared,0,0.1,1,1.318006869444716,2.505453378407429,428,1.3791346978401575,1.3808018233217352,0.21723617017708202,1.9117301239260724
l1,by_dow,0,0.1,1,1.3150305883199382,2.523719564081073,428,1.377045888060057,1.3787083695145452,0.2165955381443312,1.9193750762005055
l1,by_dow,0,1.0,0,1.3512353688776124,2.492509410098559,428,1.4063459653978039,1.407318678744205,0.15640922604098123,1.9218723894880858
l1,by_dow,1,1.0,0,1.3233381400858175,2.520915745279083,428,1.3820073916576114,1.383095703512101,0.17125199855141482,1.9221269426824503
l1,by_dow,1,0.1,1,1.3011960457578955,2.5863030728633634,428,1.3675080011426972,1.3692179007762195,0.22776780306495092,1.9437495593106293
l1,by_dow,0,0.1,0,1.3117070532702457,2.5802999496514567,428,1.3746372792315527,1.3763061885497132,0.21462939108913434,1.9460035014608512
l1,shared,1,0.1,1,1.311298650076546,2.583768269447341,428,1.3766119379929473,1.37831383754543,0.2244216637224222,1.9475334597619436
l1,shared,0,0.1,0,1.3150523088005834,2.5831663730690906,428,1.378075661494544,1.3797485111667172,0.21522765418077974,1.949109340934837
l1,shared,0,1.0,1,1.3569151646868884,2.5486426694465476,428,1.4170475173258315,1.4180408304789365,0.17192581432634602,1.952778917066718
l1,by_dow,1,0.1,0,1.3021512035696263,2.6133854570162725,428,1.3673456455762756,1.3691145297525105,0.2284238643078075,1.9577683302929494
l1,shared,1,0.1,0,1.3046433445044043,2.613729957480085,428,1.3699022145659256,1.3716703185540111,0.22850901336616067,1.9591866509922449
l1,shared,1,1.0,1,1.3275284908671532,2.6126419528963503,428,1.3932567121487287,1.3943570050839413,0.1854346394860223,1.9700852218817517
l1,shared,0,1.0,0,1.3575295646392838,2.598487959105705,428,1.418081957982437,1.4190844059918772,0.17222657813000322,1.9780087618724944
l1,shared,1,1.0,0,1.3284116825961103,2.658926650031736,428,1.3945832196400227,1.395697122505611,0.18679372341024628,1.9936691663139232
l1,none,0,0.1,1,1.320428307473247,2.6708259531116547,428,1.3892344440010456,1.3908880318568893,0.22173952181061024,1.9956271302924509
l1,none,1,0.1,1,1.3102000378816805,2.736110594354955,428,1.3828307781010578,1.3845693198392117,0.2340315056931938,2.023155316118318
l1,none,0,0.1,0,1.3230907998592567,2.7248582423475525,428,1.3921497175389053,1.3938682331691348,0.22356269057032288,2.023974521103405
l1,none,0,1.0,1,1.358550994974888,2.7064034962140786,428,1.4263062321505366,1.4272948155248355,0.1775059904247883,2.0324772455944835
l1,none,1,1.0,1,1.3300499996353135,2.7372066246213493,428,1.401716689804121,1.4028197608037851,0.1888365982407322,2.0336283121283314
l1,none,1,0.1,0,1.3081833834981649,2.7643079083227082,428,1.380368952200616,1.382124818842088,0.23292649772894683,2.0362456459104363
l1,none,1,1.0,0,1.331023900096728,2.7843443409871487,428,1.4032015744014308,1.4043173407943559,0.1903263826597417,2.0576841205419383
l1,none,0,1.0,0,1.3592146453506007,2.7564622175213316,428,1.4274406407849805,1.4284382279539616,0.1779107217619311,2.0578384314359663
log,by_dow,0,1.0,1,1.5223246732373727,2.6933084108718672,428,1.5776864525757035,1.5780557242751934,0.17865404575996768,2.10781654205462
log,by_dow,1,1.0,1,1.403130247802417,2.8380792148103966,428,1.4755038867990324,1.476314044264921,0.18477830789231484,2.1206047313064067
log,by_dow,1,0.1,1,1.456841406610359,2.791579542670631,428,1.523777728306822,1.525137254159645,0.33595279012693247,2.124210474640495
log,by_dow,0,0.1,1,1.5005796268801472,2.755156296000735,428,1.5617175603944067,1.5630316168602547,0.33424565627323854,2.127867961440441
log,shared,1,0.1,1,1.4692445839715926,2.7996163321347285,428,1.5372249278866088,1.5386293533453408,0.34285441873943834,2.134430458053161
log,shared,1,1.0,1,1.3978693826417734,2.881517099498172,428,1.4728110051767385,1.47360458599612,0.17831641607818058,2.1396932410699727
log,shared,0,1.0,1,1.5184984778238728,2.806465285713782,428,1.5799314011560166,1.5803100684448133,0.18300332346041331,2.1624818817688274
log,shared,0,0.1,1,1.5214319597053656,2.8254432754004104,428,1.5868053916991975,1.5881936912508732,0.3557183367762633,2.173437617552888
log,none,1,1.0,1,1.4175551332689011,2.972510458449444,428,1.495767612703702,1.4965793558055385,0.18829997834529003,2.1950327958591727
log,none,1,0.1,1,1.5332218579671282,2.9425352640289635,428,1.604997777176786,1.6064467946049152,0.38245508660329836,2.2378785609980456
log,none,0,1.0,1,1.5387801587718484,2.9369796218702633,428,1.6054927045848704,1.605872958871221,0.1927946592831453,2.237879890321056
log,none,0,0.1,1,1.5796460133074108,2.9122057494325118,428,1.6460911732006136,1.6474836749535227,0.37466664736299515,2.245925881369961
log,by_dow,1,1.0,0,1.405706842573306,3.1534975163852255,428,1.4936124753970963,1.49441886349243,0.19857701072253164,2.279602179479266
log,by_dow,0,1.0,0,1.5233184675807026,3.05451583721765,428,1.59695290436572,1.597335925370397,0.20329935510492747,2.2889171523991765
log,shared,0,1.0,0,1.5186368080008827,3.080881211659798,428,1.5940307323764944,1.5944087272866105,0.19831825655077281,2.2997590098303404
log,shared,1,1.0,0,1.40069439776856,3.2073784575648037,428,1.4916566532074254,1.4924473890827576,0.19224916971617048,2.3040364276666816
log,by_dow,0,0.1,0,1.468408363645918,3.1603226886108553,428,1.5520549355701618,1.553304313996899,0.33227504634830074,2.3143655261283866
log,shared,0,0.1,0,1.4839207754340114,3.14610485138568,428,1.5675691156679008,1.5688782438464024,0.33800347574826994,2.3150128134098455
log,shared,1,0.1,0,1.4416827883698573,3.243754793572476,428,1.5337918133732922,1.5351432505786404,0.337191450794897,2.342718790971167
log,none,1,1.0,0,1.4209813426766453,3.2709175547106524,428,1.513854091182072,1.5146642376368058,0.20226635492679435,2.345949448693649
log,by_dow,1,0.1,0,1.4269986808378754,3.2738174274199374,428,1.519565715662567,1.520854254880081,0.3293126002483647,2.3504080541289065
log,none,0,1.0,0,1.5399875594061527,3.210014048783194,428,1.620515865396699,1.6208963603039106,0.2079999841285962,2.3750008040946735
log,none,1,0.1,0,1.5258950054156992,3.3239247953336313,428,1.6172269654254703,1.618648087461651,0.3967634705462573,2.424909900374665
log,none,0,0.1,0,1.5668897099167813,3.2846014719025534,428,1.6530002928025087,1.6543705345706108,0.3936068416606568,2.4257455909096675
