,beta_minutes,ci_low,ci_high,se_boot,p_boot,VIF,n_rows_nonzero
hr_1,-0.112,-0.144,-0.086,0.016,0.007,1.912,678
hr_2,-0.055,-0.091,-0.023,0.017,0.007,1.912,678
hr_3,0.001,-0.034,0.04,0.019,0.94,1.918,683
hr_4,0.046,0.0,0.083,0.021,0.047,1.938,698
hr_5,0.011,-0.038,0.058,0.024,0.653,1.938,698
hr_6,0.05,0.006,0.085,0.022,0.033,2.243,703
hr_7,0.822,0.772,0.865,0.024,0.007,2.243,703
hr_8,1.164,1.11,1.209,0.026,0.007,2.243,703
hr_9,2.53,2.446,2.612,0.043,0.007,2.243,703
hr_10,5.54,5.177,6.046,0.23,0.007,2.243,703
hr_11,5.857,5.298,6.75,0.361,0.007,2.243,703
hr_12,2.053,1.907,2.249,0.086,0.007,2.237,698
hr_13,1.698,1.621,1.796,0.043,0.007,2.237,698
hr_14,1.51,1.439,1.574,0.032,0.007,2.412,698
hr_15,1.432,1.375,1.493,0.031,0.007,2.396,693
hr_16,1.268,1.216,1.321,0.026,0.007,2.414,703
hr_17,1.191,1.127,1.236,0.027,0.007,2.414,703
hr_18,0.976,0.917,1.024,0.026,0.007,2.414,703
hr_19,0.758,0.713,0.805,0.024,0.007,2.414,703
hr_20,0.463,0.417,0.502,0.022,0.007,2.416,703
hr_21,0.393,0.343,0.437,0.024,0.007,2.4,698
hr_22,0.653,0.598,0.713,0.03,0.007,1.938,698
hr_23,0.253,0.21,0.305,0.024,0.007,1.938,698
fri_14-16,0.974,0.783,1.159,0.095,0.007,1.229,182
fri_16-18,1.43,1.238,1.609,0.097,0.007,1.226,182
fri_18-20,1.781,1.611,2.012,0.111,0.007,1.226,182
fri_20-22,2.357,1.97,2.779,0.2,0.007,1.22,177
sat,-0.062,-0.115,-0.02,0.024,0.007,3.124,2040
sat_6-8,3.019,2.446,3.627,0.284,0.007,1.462,170
sat_8-10,6.683,4.821,8.613,0.956,0.007,1.462,170
sat_10-12,5.779,2.912,8.426,1.556,0.007,1.462,170
sat_12-14,12.113,8.768,17.027,2.218,0.007,1.463,170
sat_14-16,14.821,9.094,18.663,2.734,0.007,1.507,170
sat_16-18,8.569,5.064,13.434,2.166,0.007,1.505,170
sat_18-20,0.754,0.577,1.604,0.261,0.007,1.505,170
sat_20-22,0.448,0.402,0.501,0.026,0.007,1.505,170
sun,-0.211,-0.256,-0.162,0.026,0.007,3.121,2179
sun_6-8,0.654,0.575,0.747,0.042,0.007,1.477,182
sun_8-10,0.406,0.293,0.562,0.068,0.007,1.477,182
sun_10-12,-2.711,-3.342,-2.266,0.281,0.007,1.477,182
sun_12-14,-0.031,-0.163,0.107,0.072,0.673,1.478,182
sun_14-16,0.484,0.379,0.616,0.062,0.007,1.511,177
sun_16-18,0.234,0.167,0.321,0.041,0.007,1.522,182
sun_18-20,0.298,0.233,0.369,0.033,0.007,1.522,182
sun_20-22,0.437,0.38,0.497,0.03,0.007,1.522,182
lwf,0.805,0.448,2.088,0.385,0.007,3.02,216
lwf_6-8,2.793,1.683,4.586,0.845,0.007,1.273,18
lwf_8-10,3.466,1.77,4.608,0.744,0.013,1.273,18
lwf_10-12,-0.541,-2.04,0.334,0.601,0.16,1.273,18
lwf_12-14,15.015,1.981,18.444,3.732,0.04,1.939,18
lwf_14-16,18.758,6.873,28.017,4.446,0.007,1.943,18
lwf_16-18,21.489,2.656,26.259,4.551,0.013,1.943,18
lwf_18-20,2.624,-0.654,9.156,3.158,0.347,1.277,18
lwf_20-22,-0.241,-1.727,0.23,0.446,0.253,1.277,18
lwm,-0.039,-0.151,0.18,0.085,0.687,3.014,452
lwm_6-8,1.785,1.085,2.964,0.589,0.007,1.298,38
lwm_8-10,2.46,1.319,3.986,0.865,0.007,1.298,38
lwm_10-12,0.79,-0.224,1.652,0.487,0.107,1.298,38
lwm_12-14,6.839,5.38,8.387,0.934,0.007,1.282,36
lwm_14-16,7.82,1.765,14.723,3.465,0.007,1.292,36
lwm_16-18,0.501,-0.114,5.552,1.634,0.24,1.307,38
lwm_18-20,0.014,-0.2,0.166,0.094,0.967,1.307,38
lwm_20-22,0.239,0.076,0.377,0.079,0.013,1.307,38
lwl,-0.417,-0.575,-0.271,0.078,0.007,3.022,240
lwl_6-8,0.369,0.191,0.589,0.106,0.007,1.275,20
lwl_8-10,-0.205,-0.527,0.109,0.165,0.18,1.275,20
lwl_10-12,-3.912,-4.524,-2.917,0.415,0.007,1.275,20
lwl_12-14,-0.477,-0.803,0.578,0.629,0.16,1.275,20
lwl_14-16,-0.011,-0.25,0.243,0.133,0.9,1.281,20
lwl_16-18,-0.088,-0.238,0.091,0.086,0.313,1.28,20
lwl_18-20,0.102,-0.054,0.272,0.085,0.227,1.28,20
lwl_20-22,0.255,0.134,0.381,0.063,0.007,1.28,20
eveF,-0.04,-0.198,0.068,0.071,0.587,3.011,120
eveF_6-8,0.069,-0.174,0.446,0.159,0.667,1.263,10
eveF_8-10,0.126,-0.112,0.552,0.153,0.3,1.263,10
eveF_10-12,-0.562,-2.374,4.695,1.559,0.473,1.263,10
eveF_12-14,0.469,-0.123,1.782,0.485,0.187,1.263,10
eveF_14-16,2.345,1.167,4.455,0.839,0.007,1.265,10
eveF_16-18,3.616,1.574,6.707,1.474,0.007,1.265,10
eveF_18-20,3.543,2.274,5.639,0.983,0.007,1.265,10
eveF_20-22,8.284,5.547,10.601,1.502,0.007,1.265,10
eveO,0.252,-0.227,0.737,0.266,0.36,3.009,96
eveO_6-8,-0.027,-0.407,0.32,0.174,0.947,1.26,8
eveO_8-10,0.097,-0.478,2.033,0.651,0.5,1.26,8
eveO_10-12,-0.988,-2.987,7.573,2.699,0.393,1.26,8
eveO_12-14,1.069,-0.297,10.884,2.963,0.287,1.26,8
eveO_14-16,3.14,0.0,12.807,3.897,0.007,1.262,8
eveO_16-18,14.597,0.0,22.108,5.758,0.007,1.262,8
eveO_18-20,13.423,0.0,26.126,6.629,0.007,1.262,8
eveO_20-22,13.475,0.0,25.774,5.542,0.007,1.262,8
single,-0.172,-0.393,0.0,0.112,0.013,3.093,71
single_6-8,0.925,0.0,1.255,0.389,0.007,1.268,6
single_8-10,1.268,-0.392,1.605,0.644,0.173,1.268,6
single_10-12,-0.175,-3.782,1.808,1.567,0.853,1.268,6
single_12-14,2.234,-0.531,5.135,1.739,0.327,1.268,6
single_14-16,0.666,0.0,1.247,0.286,0.007,1.27,6
single_16-18,0.041,-0.478,1.284,0.452,0.773,1.27,6
single_18-20,0.112,-0.287,0.448,0.203,0.587,1.27,6
single_20-22,0.046,-0.042,0.183,0.066,0.527,1.27,6
makeup,-0.286,-0.429,-0.158,0.075,0.007,3.013,144
makeup_6-8,1.37,1.03,2.229,0.312,0.007,1.265,12
makeup_8-10,3.176,2.165,7.024,1.456,0.007,1.265,12
makeup_10-12,12.208,5.304,19.284,4.317,0.007,1.265,12
makeup_12-14,20.749,8.437,31.2,4.517,0.007,1.265,12
makeup_14-16,11.176,8.45,25.421,3.366,0.007,1.268,12
makeup_16-18,0.63,0.455,1.01,0.289,0.007,1.268,12
makeup_18-20,0.963,0.801,1.203,0.118,0.007,1.268,12
makeup_20-22,0.998,0.709,1.115,0.121,0.007,1.268,12
lwf_pm_long4,-7.527,-15.792,7.913,6.467,0.293,2.994,36
