group,baseline,minutes_saved_per_window,ci95_low,ci95_high
all,leave at window start,1.09,0.95,1.24
all,Trivial: training mean,1.09,0.95,1.25
all,Persistence-type: last week same slot,0.23,0.13,0.33
all,Same holiday last time (else last week),0.17,0.08,0.27
all,Seasonal mean: slot x weekday,0.04,-0.04,0.15
all,Simple: OLS on last week only,0.23,0.12,0.34
all,Strong: GBM (L1),-0.08,-0.15,-0.01
all,Strong: GBM (log),-0.05,-0.11,-0.0
all,Flexible linear: large one-hot Ridge,-0.08,-0.14,-0.03
ordinary (weekday+sat+sun),leave at window start,1.09,0.95,1.24
ordinary (weekday+sat+sun),Trivial: training mean,1.09,0.95,1.24
ordinary (weekday+sat+sun),Persistence-type: last week same slot,0.17,0.08,0.26
ordinary (weekday+sat+sun),Same holiday last time (else last week),0.17,0.09,0.27
ordinary (weekday+sat+sun),Seasonal mean: slot x weekday,-0.02,-0.06,0.02
ordinary (weekday+sat+sun),Simple: OLS on last week only,0.17,0.08,0.27
ordinary (weekday+sat+sun),Strong: GBM (L1),-0.01,-0.06,0.04
ordinary (weekday+sat+sun),Strong: GBM (log),0.02,-0.0,0.04
ordinary (weekday+sat+sun),Flexible linear: large one-hot Ridge,-0.02,-0.04,0.01
long weekend days only,leave at window start,1.54,0.98,2.09
long weekend days only,Trivial: training mean,1.54,1.02,2.09
long weekend days only,Persistence-type: last week same slot,0.99,0.26,1.74
long weekend days only,Same holiday last time (else last week),0.27,-0.29,0.77
long weekend days only,Seasonal mean: slot x weekday,0.86,0.03,1.82
long weekend days only,Simple: OLS on last week only,0.99,0.29,1.76
long weekend days only,Strong: GBM (L1),-0.49,-0.93,-0.11
long weekend days only,Strong: GBM (log),-0.47,-0.91,-0.09
long weekend days only,Flexible linear: large one-hot Ridge,-0.46,-0.92,-0.07
lw_first,leave at window start,2.78,1.44,3.92
lw_first,Trivial: training mean,2.78,1.44,3.92
lw_first,Persistence-type: last week same slot,1.98,-0.41,4.55
lw_first,Same holiday last time (else last week),-0.08,-1.85,1.54
lw_first,Seasonal mean: slot x weekday,1.75,-1.17,5.13
lw_first,Simple: OLS on last week only,1.98,-0.49,4.44
lw_first,Strong: GBM (L1),-1.92,-3.05,-0.67
lw_first,Strong: GBM (log),-1.86,-2.94,-0.64
lw_first,Flexible linear: large one-hot Ridge,-1.86,-3.01,-0.62
eve_of_long,leave at window start,-0.65,-2.28,0.34
eve_of_long,Trivial: training mean,-0.65,-2.27,0.35
eve_of_long,Persistence-type: last week same slot,-0.56,-1.52,0.15
eve_of_long,Same holiday last time (else last week),-0.26,-0.53,0.05
eve_of_long,Seasonal mean: slot x weekday,-0.63,-1.71,0.24
eve_of_long,Simple: OLS on last week only,-0.56,-1.59,0.18
eve_of_long,Strong: GBM (L1),-1.12,-2.67,-0.24
eve_of_long,Strong: GBM (log),-1.15,-2.66,-0.29
eve_of_long,Flexible linear: large one-hot Ridge,-1.24,-2.78,-0.27
holiday days (long weekend + eve),leave at window start,1.09,0.5,1.67
holiday days (long weekend + eve),Trivial: training mean,1.09,0.47,1.64
holiday days (long weekend + eve),Persistence-type: last week same slot,0.67,0.04,1.37
holiday days (long weekend + eve),Same holiday last time (else last week),0.16,-0.31,0.61
holiday days (long weekend + eve),Seasonal mean: slot x weekday,0.55,-0.16,1.39
holiday days (long weekend + eve),Simple: OLS on last week only,0.67,0.02,1.37
holiday days (long weekend + eve),Strong: GBM (L1),-0.62,-1.1,-0.21
holiday days (long weekend + eve),Strong: GBM (log),-0.61,-1.09,-0.21
holiday days (long weekend + eve),Flexible linear: large one-hot Ridge,-0.62,-1.1,-0.2
