日期,星期,強度,尖峰時段,尖峰進站,基準,超額,連續天數序,連續總天數,假日名稱,活動名稱,類型,開演時間,預估散場,場次,確認,備註
2020-01-01,三,medium,22,3409,924,2484,1,1,開國紀念日,蔡依林 Ugly Beauty 2019-2020世界巡迴演唱會 台北站,演唱會/音樂類,,,,,
2020-01-03,五,medium,22,4469,1447,3022,1,3,,蔡依林 Ugly Beauty 2019-2020世界巡迴演唱會 台北站,演唱會/音樂類,,,,,
2020-01-04,六,medium,22,3792,941,2851,2,3,,蔡依林 Ugly Beauty 2019-2020世界巡迴演唱會 台北站,演唱會/音樂類,,,,,
2020-01-05,日,medium,22,3690,908,2782,3,3,,蔡依林 Ugly Beauty 2019-2020世界巡迴演唱會 台北站,演唱會/音樂類,,,,,
2020-01-12,日,medium,23,2348,300,2048,1,1,,2020超級巨星紅白藝能大賞,演唱會/音樂類,16:00,22:00,1,,
2020-01-18,六,medium,23,2951,334,2617,1,2,,第15屆KKBOX風雲榜,其他,19:00,22:30,1,,
2020-01-19,日,medium,20,3148,772,2376,2,2,,NOGIZAKA46 Live in Taipei 2020,演唱會/音樂類,18:00,20:00,1,,
2020-02-01,六,medium,23,2398,330,2068,1,1,,2020詹雅雯30周年 巡迴演唱會-台北站,演唱會/音樂類,19:30,22:30,1,,
2020-02-08,六,medium,23,2333,283,2050,1,1,,宇宙人 第一次登陸台北小巨蛋◤你的宇宙｜YOUNIVERSE◢2020演唱會,演唱會/音樂類,19:30,22:30,1,,
2020-02-14,五,medium,23,3275,380,2895,1,3,,2020 A-Lin Passenger 旅‧課 世界巡迴演唱會,演唱會/音樂類,19:30,22:30,1,,
2020-02-15,六,medium,23,2718,379,2339,2,3,調整上班,2020 A-Lin Passenger 旅‧課 世界巡迴演唱會,演唱會/音樂類,19:30,22:30,1,,
2020-02-16,日,medium,20,3593,614,2979,3,3,,2020 A-Lin Passenger 旅‧課 世界巡迴演唱會,演唱會/音樂類,16:00,19:00,1,,
2020-02-22,六,strong,23,4885,256,4630,1,2,,吳青峰「太空備忘記2020」巡迴演唱會,演唱會/音樂類,19:30,22:30,1,,
2020-02-23,日,strong,23,4018,256,3762,2,2,,吳青峰「太空備忘記2020」巡迴演唱會,演唱會/音樂類,19:00,22:00,1,,
2020-08-08,六,medium,23,2447,320,2127,1,2,,周興哲「你，好不好」巡迴演唱會 Deluxe,演唱會/音樂類,19:30,22:00,1,,
2020-08-09,日,medium,23,3486,320,3166,2,2,,周興哲「你，好不好」巡迴演唱會 Deluxe,演唱會/音樂類,19:30,22:00,1,,
2020-08-22,六,medium,21,3684,925,2759,1,2,,超犀利趴11,其他,14:30,20:30,1,,
2020-08-23,日,medium,22,3632,894,2738,2,2,,超犀利趴11,其他,14:30,20:30,1,,
2020-09-12,六,medium,23,2605,433,2172,1,2,,2020詹雅雯30周年 巡迴演唱會-台北感恩加場,演唱會/音樂類,19:30,22:30,1,,
2020-09-13,日,medium,20,3147,713,2434,2,2,,民歌45高峰會 巨蛋感恩場,其他,16:30,19:00,1,,
2020-09-19,六,weak,21,2641,835,1806,1,1,,國民體育日-2020super star體育表演會活動,其他,18:00,21:00,1,,
2020-09-25,五,medium,23,3839,402,3437,1,4,,全球人壽 田馥甄一一巡迴演唱會,演唱會/音樂類,19:30,22:00,1,,
2020-09-26,六,strong,23,4211,397,3814,2,4,調整上班,全球人壽 田馥甄一一巡迴演唱會,演唱會/音樂類,19:30,22:00,1,,
2020-09-27,日,strong,23,4051,313,3738,3,4,,全球人壽 田馥甄一一巡迴演唱會,演唱會/音樂類,19:30,22:00,1,,
2020-09-28,一,medium,23,3735,392,3343,4,4,,全球人壽 田馥甄一一巡迴演唱會,演唱會/音樂類,19:30,22:00,1,,
2020-10-31,六,weak,22,1821,717,1104,1,1,,仙角百老匯9-食神接班人,其他,13:30/19:00,21:00,2,,
2020-11-06,五,strong,23,3932,402,3530,1,3,,2020楊丞琳 LIKE A STAR 世界巡迴演唱會,演唱會/音樂類,19:30,22:30,1,,
2020-11-07,六,medium,23,3720,384,3336,2,3,,2020楊丞琳 LIKE A STAR 世界巡迴演唱會,演唱會/音樂類,19:30,22:30,1,,
2020-11-08,日,medium,18,3863,1414,2449,3,3,,2020楊丞琳 LIKE A STAR 世界巡迴演唱會,演唱會/音樂類,15:00,18:00,1,,
2020-11-20,五,weak,22,2709,1244,1465,1,3,,全本音樂劇-歌劇魅影,其他,19:30,22:10,1,,
2020-11-21,六,weak,17,3599,1777,1822,2,3,,全本音樂劇-歌劇魅影,其他,14:30/19:30,22:10,2,,
2020-11-22,日,weak,16,3006,1389,1617,3,3,,全本音樂劇-歌劇魅影,其他,13:00/18:00,20:40,2,,
2020-11-27,五,weak,22,2983,1294,1689,1,3,,全本音樂劇-歌劇魅影,其他,19:30,22:10,1,,
2020-11-28,六,weak,22,2725,863,1862,2,3,,全本音樂劇-歌劇魅影,其他,14:30/19:30,22:10,2,,
2020-11-29,日,weak,16,3046,1382,1664,3,3,,全本音樂劇-歌劇魅影,其他,13:00/18:00,20:40,2,,
2020-12-02,三,weak,22,2597,1273,1324,1,5,,全本音樂劇-歌劇魅影,其他,19:30,22:10,1,,
2020-12-03,四,weak,22,2810,1273,1537,2,5,,全本音樂劇-歌劇魅影,其他,19:30,22:10,1,,
2020-12-04,五,weak,22,3158,1284,1874,3,5,,全本音樂劇-歌劇魅影,其他,19:30,22:10,1,,
2020-12-05,六,weak,17,3478,1656,1822,4,5,,全本音樂劇-歌劇魅影,其他,14:30/19:30,22:10,2,,
2020-12-06,日,medium,16,3366,1352,2014,5,5,,全本音樂劇-歌劇魅影,其他,13:00/18:00,20:40,2,,
2020-12-12,六,medium,17,4268,1656,2612,1,2,,2020火焰之舞,其他,14:30/19:30,21:30,2,,
2020-12-13,日,weak,19,2246,903,1343,2,2,,2020火焰之舞,其他,13:00/16:30,18:30,2,,
2020-12-26,六,strong,23,4365,484,3880,1,2,,202020 當我們談論愛情 - 梁靜茹世界巡迴演唱會-台北站,演唱會/音樂類,19:30,22:00,1,,
2020-12-27,日,strong,23,4028,368,3660,2,2,,202020 當我們談論愛情 - 梁靜茹世界巡迴演唱會-台北站,演唱會/音樂類,19:30,22:00,1,,
