t,actual,ours,lastwk,gbm
0.0,29.64,29.42,29.1,29.03
1.0,29.24,29.3,30.73,28.91
2.0,29.66,29.36,29.32,28.88
3.0,29.84,29.42,29.75,28.86
4.0,29.15,29.46,28.72,28.88
5.0,28.97,29.43,28.47,28.99
6.0,29.15,29.44,29.09,29.28
7.0,29.77,30.21,29.87,29.79
8.0,29.89,30.68,30.13,30.48
9.0,30.92,32.04,31.62,31.78
10.0,32.14,33.97,33.58,34.17
11.0,32.51,34.28,32.25,34.16
12.0,31.29,32.54,31.04,32.06
13.0,31.2,32.18,32.32,32.32
14.0,32.07,34.07,30.57,33.08
15.0,31.86,33.99,30.43,34.25
16.0,31.97,45.28,30.38,35.24
17.0,32.52,45.2,30.34,35.04
18.0,32.0,43.81,30.16,35.1
19.0,32.91,43.6,29.79,36.8
20.0,41.91,43.35,29.5,39.13
21.0,57.1,43.28,30.46,39.0
22.0,42.27,30.07,30.4,39.08
23.0,45.77,29.67,29.49,38.02
24.0,34.86,29.97,29.44,30.49
25.0,29.18,29.86,29.39,30.27
26.0,29.06,29.91,29.16,30.21
27.0,28.92,29.97,30.35,30.21
28.0,29.35,30.01,29.02,30.61
29.0,29.98,29.98,28.66,31.33
30.0,33.01,32.81,28.91,32.57
31.0,33.07,33.58,29.72,34.42
32.0,32.55,34.6,30.19,35.52
33.0,34.59,35.97,31.78,36.14
34.0,34.58,34.97,33.62,36.37
35.0,35.08,35.28,33.62,36.41
36.0,40.02,47.04,31.27,41.54
37.0,47.33,46.68,31.03,43.48
38.0,53.47,50.24,31.54,43.7
39.0,62.14,50.16,31.71,43.61
40.0,74.71,52.73,31.29,41.96
41.0,67.76,52.65,31.65,38.97
42.0,56.68,33.57,31.44,34.07
43.0,43.5,33.35,32.27,31.83
44.0,30.24,30.19,31.47,30.7
45.0,30.24,30.12,30.9,30.48
46.0,30.01,30.62,30.68,30.03
47.0,29.41,30.22,29.66,29.36
48.0,29.15,29.12,28.95,28.83
49.0,29.01,29.01,29.04,28.67
50.0,28.8,29.07,28.96,28.65
51.0,28.97,29.13,29.03,28.67
52.0,29.21,29.17,28.92,29.01
53.0,29.26,29.13,29.12,29.52
54.0,30.12,30.96,30.98,30.15
55.0,30.98,31.73,34.1,31.53
56.0,31.51,32.75,35.6,32.35
57.0,31.9,34.11,34.81,33.12
58.0,32.39,35.45,35.3,34.4
59.0,32.57,35.77,36.57,34.83
60.0,34.22,38.02,34.52,35.8
61.0,33.1,37.66,32.82,36.15
62.0,33.05,38.45,34.18,36.24
63.0,32.28,38.38,33.82,35.26
64.0,30.6,30.89,31.25,32.7
65.0,30.11,30.82,30.39,30.73
66.0,29.83,30.11,30.27,29.76
67.0,29.68,29.9,30.14,29.6
68.0,29.69,29.83,29.89,29.52
69.0,29.51,29.76,29.82,29.37
70.0,29.28,29.78,29.52,29.19
71.0,28.89,29.38,29.27,28.85
72.0,28.92,28.75,28.64,28.8
73.0,29.03,28.63,28.87,28.7
74.0,28.58,28.69,28.91,28.78
75.0,28.93,28.75,29.81,28.83
76.0,29.11,28.79,29.15,28.99
77.0,28.74,28.76,28.93,29.06
78.0,29.32,29.17,29.39,29.32
79.0,29.96,29.94,30.5,29.81
80.0,30.14,29.71,30.91,29.86
81.0,30.51,31.07,31.29,30.43
82.0,31.03,30.38,31.64,30.58
83.0,30.73,30.69,31.0,30.49
84.0,30.39,30.32,30.77,30.05
85.0,30.26,29.97,30.67,30.25
86.0,30.18,30.25,30.4,30.47
87.0,30.03,30.17,30.17,30.41
88.0,29.92,29.93,30.23,30.19
89.0,29.67,29.85,29.86,30.08
90.0,29.34,29.82,29.59,29.98
91.0,29.54,29.61,29.84,29.77
92.0,29.7,29.46,29.58,29.63
93.0,29.31,29.39,29.7,29.38
94.0,29.38,29.4,29.16,29.09
95.0,29.03,29.0,28.7,28.84
