hour,weekday,sat,sun,lw_first,lw_mid,lw_last,eve_of_long
0,29.1,29.2,28.8,43.3,29.3,28.8,29.2
1,28.9,28.9,28.8,38.5,29.1,28.7,29.0
2,29.0,28.9,28.8,32.8,29.0,28.8,29.0
3,29.1,29.0,28.9,29.7,29.2,28.8,28.9
4,29.1,29.1,29.1,30.8,29.6,29.1,28.9
5,29.0,29.6,29.1,32.4,30.3,29.1,29.1
6,29.3,32.1,29.7,33.3,31.9,29.4,29.5
7,30.0,36.0,30.8,34.7,33.3,29.7,30.0
8,30.4,40.7,31.5,34.6,34.6,30.0,30.5
9,32.1,43.7,32.1,35.0,35.6,30.5,32.5
10,35.9,45.3,32.9,34.5,36.7,30.7,34.8
11,38.1,46.6,33.0,34.9,36.8,32.1,35.1
12,35.2,47.9,31.9,42.1,37.7,31.4,32.9
13,32.8,48.5,31.2,46.6,40.1,31.0,32.6
14,31.8,47.2,31.2,46.2,40.6,30.3,33.8
15,31.4,46.7,30.9,49.0,39.0,30.2,36.7
16,31.0,43.9,31.1,48.4,36.5,30.0,38.5
17,31.0,40.2,30.4,45.5,33.1,29.9,39.5
18,30.7,36.0,30.2,39.6,30.5,29.8,38.1
19,30.6,31.6,30.0,32.4,29.9,29.6,37.6
20,30.5,30.1,29.9,30.2,29.9,29.5,39.7
21,30.4,29.9,29.7,30.2,29.7,29.3,39.7
22,30.4,29.6,29.4,29.9,29.6,29.0,39.8
23,29.6,29.1,28.9,29.4,29.2,28.7,46.4
